Phylum,Class,Genus
Bacillariophyta,Bacillariophyceae,Navicula
Charophyta,Charophyceae,Chara
Charophyta,,Chara
Chlorarachniophyta,Chlorarachniophyceae,Lotharella
Chlorophyta,Bryopsidaceae,Bryopsis
Chlorophyta,Bryopsidophyceae,Avrainvillea
Chlorophyta,Bryopsidophyceae,Boodleopsis
Chlorophyta,Bryopsidophyceae,Bryopsis
Chlorophyta,Bryopsidophyceae,Callipsygma
Chlorophyta,Bryopsidophyceae,Caulerpa
Chlorophyta,Bryopsidophyceae,Caulerpella
Chlorophyta,Bryopsidophyceae,Chlorodesmis
Chlorophyta,Bryopsidophyceae,Codium
Chlorophyta,Bryopsidophyceae,Derbesia
Chlorophyta,Bryopsidophyceae,Dichotomosiphon
Chlorophyta,Bryopsidophyceae,Halicystis
Chlorophyta,Bryopsidophyceae,Halimeda
Chlorophyta,Bryopsidophyceae,Penicillus
Chlorophyta,Bryopsidophyceae,Pseudobryopsis
Chlorophyta,Bryopsidophyceae,Pseudocodium
Chlorophyta,Bryopsidophyceae,Rhipiliopsis
Chlorophyta,Bryopsidophyceae,Tydemania
Chlorophyta,Bryopsidophyceae,Udotea
Chlorophyta,Bryopsidophyceae,Rhipilia
Chlorophyta,Bryopsidophyceae,Ostreobium
Chlorophyta,Bryopsidophyceae,Pedobesia
Chlorophyta,Bryopsidophyceae,Pseudochlorodesmis
Chlorophyta,Bryopsidophyceae,Blastophysa
Chlorophyta,Bryopsidophyceae,Cladophora
Chlorophyta,Bryopsidophyceae,Chaetomorpha
Chlorophyta,Charophyceae,Chara
Chlorophyta,Charophyceae,Lamprothamnus
Chlorophyta,Charophyceae,Nitella
Chlorophyta,Charophyceae,Tolypella
Chlorophyta,Chlorophyceae,Bulbochaete
Chlorophyta,Chlorophyceae,Chaetophora
Chlorophyta,Chlorophyceae,Chlorochytrium
Chlorophyta,Chlorophyceae,Halochlorococcum
Chlorophyta,Chlorophyceae,Codiolum
Chlorophyta,Chlorophyceae,Draparnaldia
Chlorophyta,Chlorophyceae,Ecballocystis
Chlorophyta,Chlorophyceae,Ectochaete
Chlorophyta,Chlorophyceae,Endophyton
Chlorophyta,Chlorophyceae,Geminella
Chlorophyta,Chlorophyceae,Gloeocystis
Chlorophyta,Chlorophyceae,Hydrodictyon
Chlorophyta,Chlorophyceae,Internoretia
Chlorophyta,Chlorophyceae,Microspora
Chlorophyta,Chlorophyceae,Oedogonium
Chlorophyta,Chlorophyceae,Palmella
Chlorophyta,Chlorophyceae,Palmoclathrus
Chlorophyta,Chlorophyceae,Palmophyllum
Chlorophyta,Chlorophyceae,Pleurococcus
Chlorophyta,Chlorophyceae,Protococcus
Chlorophyta,Chlorophyceae,Scenedesmus
Chlorophyta,Chlorophyceae,Sporocladopsis
Chlorophyta,Chlorophyceae,Stigeoclonium
Chlorophyta,Chlorophyceae,Tetraspora
Chlorophyta,Chlorophyceae,Volvox
Chlorophyta,Chlorophyceae,Gloeotila
Chlorophyta,Chlorophyceae,Endoderma
Chlorophyta,Cladophoraceae,Cladophora
Chlorophyta,Codiaceae,Codium
Chlorophyta,Monostromataceae,Monostroma
Chlorophyta,Phaeophyceae,Acrosiphonia
Chlorophyta,Phaeophyceae,Fucus
Chlorophyta,Pleurastrophyceae,Schizogonium
Chlorophyta,Prasinophyceae,Tetraselmis
Chlorophyta,Siphonocladophyceae,Chaetomorpha
Chlorophyta,Siphonocladophyceae,Cladophora
Chlorophyta,Siphonocladophyceae,Codium
Chlorophyta,Siphonocladophyceae,Rhizoclonium
Chlorophyta,Trebouxiophyceae,Rosenvingiella
Chlorophyta,Trebouxiophyceae,Prasiola
Chlorophyta,Trebouxiophyceae,Coccomyxa
Chlorophyta,Trebouxiophyceae,Kryobacillum
Chlorophyta,Ulotrichaceae,Urospora
Chlorophyta,Ulvophyceae,Acrochaete
Chlorophyta,Ulvophyceae,Acrosiphonia
Chlorophyta,Ulvophyceae,Acetabularia
Chlorophyta,Ulvophyceae,Aegagropila
Chlorophyta,Ulvophyceae,Anadyomene
Chlorophyta,Ulvophyceae,Apjohnia
Chlorophyta,Ulvophyceae,Batophora
Chlorophyta,Ulvophyceae,Blidingia
Chlorophyta,Ulvophyceae,Boergesenia
Chlorophyta,Ulvophyceae,Bolbocoleon
Chlorophyta,Ulvophyceae,Boodlea
Chlorophyta,Ulvophyceae,Bornetella
Chlorophyta,Ulvophyceae,Capsosiphon
Chlorophyta,Ulvophyceae,Chaetomorpha
Chlorophyta,Ulvophyceae,Chaetomorphopsis
Chlorophyta,Ulvophyceae,Chamaedoris
Chlorophyta,Ulvophyceae,Spongomorpha
Chlorophyta,Ulvophyceae,Cladophora
Chlorophyta,Ulvophyceae,Cladophoropsis
Chlorophyta,Ulvophyceae,Enteromorpha
Chlorophyta,Ulvophyceae,Collinsiella
Chlorophyta,Ulvophyceae,Rhizoclonium
Chlorophyta,Ulvophyceae,Cymopolia
Chlorophyta,Ulvophyceae,Dasycladus
Chlorophyta,Ulvophyceae,Dictyosphaeria
Chlorophyta,Ulvophyceae,Ulva
Chlorophyta,Ulvophyceae,Entocladia
Chlorophyta,Ulvophyceae,Epicladia
Chlorophyta,Ulvophyceae,Gomontia
Chlorophyta,Ulvophyceae,Hormiscia
Chlorophyta,Ulvophyceae,Hormotrichum
Chlorophyta,Ulvophyceae,Kornmannia
Chlorophyta,Ulvophyceae,Letterstedtia
Chlorophyta,Ulvophyceae,Lola
Chlorophyta,Ulvophyceae,Microdictyon
Chlorophyta,Ulvophyceae,Monostroma
Chlorophyta,Ulvophyceae,Ulvaria
Chlorophyta,Ulvophyceae,Phaeophila
Chlorophyta,Ulvophyceae,Gayralia
Chlorophyta,Ulvophyceae,Protomonostroma
Chlorophyta,Ulvophyceae,Neomeris
Chlorophyta,Ulvophyceae,Ochlochaete
Chlorophyta,Ulvophyceae,Percursaria
Chlorophyta,Ulvophyceae,Pithophora
Chlorophyta,Ulvophyceae,Pringsheimiella
Chlorophyta,Ulvophyceae,Pseudendoclonium
Chlorophyta,Ulvophyceae,Pseudopringsheimia
Chlorophyta,Ulvophyceae,Siphonocladus
Chlorophyta,Ulvophyceae,Spongocladia
Chlorophyta,Ulvophyceae,Struvea
Chlorophyta,Ulvophyceae,Trentepohlia
Chlorophyta,Ulvophyceae,Ulothrix
Chlorophyta,Ulvophyceae,Ulvella
Chlorophyta,Ulvophyceae,Urospora
Chlorophyta,Ulvophyceae,Valonia
Chlorophyta,Ulvophyceae,Valoniopsis
Chlorophyta,Ulvophyceae,Wittrockiella
Chlorophyta,Ulvophyceae,Eugomontia
Chlorophyta,Ulvophyceae,Willeella
Chlorophyta,Ulvophyceae,Halicoryne
Chlorophyta,Ulvophyceae,Chloropelta
Chlorophyta,Ulvophyceae,Pseudothrix
Chlorophyta,Ulvophyceae,Cladophhora
Chlorophyta,Ulvophyceae,Rosenvingiella
Chlorophyta,Ulvophyceae,Prasiola
Chlorophyta,Ulvophyceae,Derbesia
Chlorophyta,Ulvophyceae,Codium
Chlorophyta,Ulvophyceae,Bryopsis
Chlorophyta,Ulvophyceae,Caulerpa
Chlorophyta,Zygnematophyceae,Arthrodesmus
Chlorophyta,Zygnematophyceae,Closterium
Chlorophyta,Zygnematophyceae,Cosmarium
Chlorophyta,Zygnematophyceae,Euastrum
Chlorophyta,Zygnematophyceae,Micrasterias
Chlorophyta,Zygnematophyceae,Mougeotia
Chlorophyta,Zygnematophyceae,Pleurotaenium
Chlorophyta,Zygnematophyceae,Spirogyra
Chlorophyta,Zygnematophyceae,Staurastrum
Chlorophyta,Zygnematophyceae,Zygnema
Chlorophyta,Zygnematophyceae,Zygogonium
Chlorophyta,Zygnematophyceae,Sirogonium
Chlorophyta,Zygnematophyceae,Desmidium
Chlorophyta,Zygnematophyceae,Hyalotheca
Chlorophyta,Zygnematophyceae,Penium
Chlorophyta,Zygnematophyceae,Sphaerozosma
Chlorophyta,Zygnematophyceae,Spirotaenia
Chlorophyta,,Scotinosphaera
Chlorophyta,,Psichohormium
Chlorophyta,,Chara
Chlorophyta,,Codium
Ciliophora,Spirotrichea,Euplotes
Cyanobacteria,Cyanophyceae,Anabaena
Cyanobacteria,Cyanophyceae,Placoma
Cyanobacteria,Cyanophyceae,Lyngbya
Cyanobacteria,Cyanophyceae,Anacystis
Cyanobacteria,Cyanophyceae,Aphanizomenon
Cyanobacteria,Cyanophyceae,Aphanothece
Cyanobacteria,Cyanophyceae,Arthrospira
Cyanobacteria,Cyanophyceae,Aulosira
Cyanobacteria,Cyanophyceae,Brachytrichia
Cyanobacteria,Cyanophyceae,Calothrix
Cyanobacteria,Cyanophyceae,Chroococcus
Cyanobacteria,Cyanophyceae,Coccochloris
Cyanobacteria,Cyanophyceae,Coelosphaerium
Cyanobacteria,Cyanophyceae,Cylindrospermum
Cyanobacteria,Cyanophyceae,Entophysalis
Cyanobacteria,Cyanophyceae,Dermocarpa
Cyanobacteria,Cyanophyceae,Dichothrix
Cyanobacteria,Cyanophyceae,Fischerella
Cyanobacteria,Cyanophyceae,Gardnerula
Cyanobacteria,Cyanophyceae,Gloeocapsa
Cyanobacteria,Cyanophyceae,Gloeothece
Cyanobacteria,Cyanophyceae,Gloeotrichia
Cyanobacteria,Cyanophyceae,Hapalosiphon
Cyanobacteria,Cyanophyceae,Hormothamnion
Cyanobacteria,Cyanophyceae,Hydrocoleum
Cyanobacteria,Cyanophyceae,Hyella
Cyanobacteria,Cyanophyceae,Isactis
Cyanobacteria,Cyanophyceae,Mastigocoleus
Cyanobacteria,Cyanophyceae,Merismopedia
Cyanobacteria,Cyanophyceae,Microchaete
Cyanobacteria,Cyanophyceae,Microcoleus
Cyanobacteria,Cyanophyceae,Nodularia
Cyanobacteria,Cyanophyceae,Nostoc
Cyanobacteria,Cyanophyceae,Oscillatoria
Cyanobacteria,Cyanophyceae,Phormidium
Cyanobacteria,Cyanophyceae,Plectonema
Cyanobacteria,Cyanophyceae,Porphyrosiphon
Cyanobacteria,Cyanophyceae,Radaisia
Cyanobacteria,Cyanophyceae,Rivularia
Cyanobacteria,Cyanophyceae,Schizothrix
Cyanobacteria,Cyanophyceae,Scytonema
Cyanobacteria,Cyanophyceae,Spirulina
Cyanobacteria,Cyanophyceae,Stigonema
Cyanobacteria,Cyanophyceae,Symploca
Cyanobacteria,Cyanophyceae,Tolypothrix
Cyanophyta,Cyanophyceae,Tolypothrix
Euglenozoa,Euglenophyceae,Trachelomonas
Myzozoa,Dinophyceae,Ceratium
Myzozoa,Dinophyceae,Lessardia
Ochrophyta,Acinetosporaceae,Pylaiella
Ochrophyta,Alariaceae,Alaria
Ochrophyta,Bacillariophyceae,Diadesmis
Ochrophyta,Bacillariophyceae,Navicula
Ochrophyta,Bacillariophyceae,Chaetoceras
Ochrophyta,Bacillariophyceae,Cocconeis
Ochrophyta,Bacillariophyceae,Cyclotella
Ochrophyta,Bacillariophyceae,Inoderma
Ochrophyta,Bacillariophyceae,Licmophora
Ochrophyta,Bacillariophyceae,Melosira
Ochrophyta,Bacillariophyceae,Nitzschia
Ochrophyta,Bacillariophyceae,Synedra
Ochrophyta,Bacillariophyceae,Tabellaria
Ochrophyta,Bacillariophyceae,Rhizosolenia
Ochrophyta,Bacillariophyceae,Colonial Diatoms
Ochrophyta,Bacillariophyceae,Schizonema
Ochrophyta,Bacillariophyceae,Diatoms
Ochrophyta,Bacillariophyceae,Berkeleya
Ochrophyta,Bacillariophyceae,Fragilaria
Ochrophyta,Bacillariophyceae,Biddulphia
Ochrophyta,Chordariaceae,Saundersella
Ochrophyta,Chrysophyceae,Hydrurus
Ochrophyta,Phaeophyceae,Acrocarpia
Ochrophyta,Phaeophyceae,Acrothrix
Ochrophyta,Phaeophyceae,Adenocystis
Ochrophyta,Phaeophyceae,Aegira
Ochrophyta,Phaeophyceae,Agarum
Ochrophyta,Phaeophyceae,Alaria
Ochrophyta,Phaeophyceae,Akkesiphycus
Ochrophyta,Phaeophyceae,Eualaria
Ochrophyta,Phaeophyceae,Analipus
Ochrophyta,Phaeophyceae,Anthophycus
Ochrophyta,Phaeophyceae,Arthrothamnus
Ochrophyta,Phaeophyceae,Ascophyllum
Ochrophyta,Phaeophyceae,Asperococcus
Ochrophyta,Phaeophyceae,Asteronema
Ochrophyta,Phaeophyceae,Bachelotia
Ochrophyta,Phaeophyceae,Cladosiphon
Ochrophyta,Phaeophyceae,Bellotia
Ochrophyta,Phaeophyceae,Bifurcaria
Ochrophyta,Phaeophyceae,Blossevillea
Ochrophyta,Phaeophyceae,Caepidium
Ochrophyta,Phaeophyceae,Carpoglossum
Ochrophyta,Phaeophyceae,Carpomitra
Ochrophyta,Phaeophyceae,Carpophyllum
Ochrophyta,Phaeophyceae,Costaria
Ochrophyta,Phaeophyceae,Caulocystis
Ochrophyta,Phaeophyceae,Chaetopteris
Ochrophyta,Phaeophyceae,Chlanidophora
Ochrophyta,Phaeophyceae,Chilionema
Ochrophyta,Phaeophyceae,Chnoospora
Ochrophyta,Phaeophyceae,Chorda
Ochrophyta,Phaeophyceae,Chordaria
Ochrophyta,Phaeophyceae,Fucus
Ochrophyta,Phaeophyceae,Cladostephus
Ochrophyta,Phaeophyceae,Coccophora
Ochrophyta,Phaeophyceae,Coilodesme
Ochrophyta,Phaeophyceae,Colpomenia
Ochrophyta,Phaeophyceae,Compsonema
Ochrophyta,Phaeophyceae,Corynophlaea
Ochrophyta,Phaeophyceae,Stictyosiphon
Ochrophyta,Phaeophyceae,Streblonema
Ochrophyta,Phaeophyceae,Cymathaere
Ochrophyta,Phaeophyceae,Desmarestia
Ochrophyta,Phaeophyceae,Ishige
Ochrophyta,Phaeophyceae,Saccharina
Ochrophyta,Phaeophyceae,Laminaria
Ochrophyta,Phaeophyceae,Melanosiphon
Ochrophyta,Phaeophyceae,Myelophycus
Ochrophyta,Phaeophyceae,Pelvetia
Ochrophyta,Phaeophyceae,Sargassum
Ochrophyta,Phaeophyceae,Dictyosiphon
Ochrophyta,Phaeophyceae,Eudesme
Ochrophyta,Phaeophyceae,Mesogloia
Ochrophyta,Phaeophyceae,Sphacelaria
Ochrophyta,Phaeophyceae,Sporochnus
Ochrophyta,Phaeophyceae,Stilophora
Ochrophyta,Phaeophyceae,Elachista
Ochrophyta,Phaeophyceae,Leathesia
Ochrophyta,Phaeophyceae,Ralfsia
Ochrophyta,Phaeophyceae,Saundersella
Ochrophyta,Phaeophyceae,Scytosiphon
Ochrophyta,Phaeophyceae,Soranthera
Ochrophyta,Phaeophyceae,Herponema
Ochrophyta,Phaeophyceae,Hormosira
Ochrophyta,Phaeophyceae,Laminariocolax
Ochrophyta,Phaeophyceae,Spongonema
Ochrophyta,Phaeophyceae,Syringoderma
Ochrophyta,Phaeophyceae,Punctaria
Ochrophyta,Phaeophyceae,Pilinia
Ochrophyta,Phaeophyceae,Hedophyllum
Ochrophyta,Phaeophyceae,Cystoseira
Ochrophyta,Phaeophyceae,Lessoniopsis
Ochrophyta,Phaeophyceae,Cutleria
Ochrophyta,Phaeophyceae,Cylindrocarpus
Ochrophyta,Phaeophyceae,Cystophora
Ochrophyta,Phaeophyceae,Cystophyllum
Ochrophyta,Phaeophyceae,Egregia
Ochrophyta,Phaeophyceae,Phaeostrophion
Ochrophyta,Phaeophyceae,Eisenia
Ochrophyta,Phaeophyceae,Haplogloia
Ochrophyta,Phaeophyceae,Heribaudiella
Ochrophyta,Phaeophyceae,Hesperophycus
Ochrophyta,Phaeophyceae,Petalonia
Ochrophyta,Phaeophyceae,Sphaerotrichia
Ochrophyta,Phaeophyceae,Dictyota
Ochrophyta,Phaeophyceae,Turbinaria
Ochrophyta,Phaeophyceae,Dictyopteris
Ochrophyta,Phaeophyceae,Stragularia
Ochrophyta,Phaeophyceae,Taonia
Ochrophyta,Phaeophyceae,Chrysonephos
Ochrophyta,Phaeophyceae,Halopteris
Ochrophyta,Phaeophyceae,Thalassiophyllum
Ochrophyta,Phaeophyceae,Lessonia
Ochrophyta,Phaeophyceae,Macrocystis
Ochrophyta,Phaeophyceae,Nereocystis
Ochrophyta,Phaeophyceae,Pelvetiopsis
Ochrophyta,Phaeophyceae,Padina
Ochrophyta,Phaeophyceae,Pylaiella
Ochrophyta,Phaeophyceae,Giffordia
Ochrophyta,Phaeophyceae,Ectocarpus
Ochrophyta,Phaeophyceae,Hydroclathrus
Ochrophyta,Phaeophyceae,Lobophora
Ochrophyta,Phaeophyceae,Pocockiella
Ochrophyta,Phaeophyceae,Neoralfsia
Ochrophyta,Phaeophyceae,Scytothamnus
Ochrophyta,Phaeophyceae,Zonaria
Ochrophyta,Phaeophyceae,Feldmannia
Ochrophyta,Phaeophyceae,Myrionema
Ochrophyta,Phaeophyceae,Postelsia
Ochrophyta,Phaeophyceae,Hizikia
Ochrophyta,Phaeophyceae,Petrospongium
Ochrophyta,Phaeophyceae,Spatoglossum
Ochrophyta,Phaeophyceae,Papenfussiella
Ochrophyta,Phaeophyceae,Ecklonia
Ochrophyta,Phaeophyceae,Ascocyclus
Ochrophyta,Phaeophyceae,Glossophora
Ochrophyta,Phaeophyceae,Xiphophora
Ochrophyta,Phaeophyceae,Striaria
Ochrophyta,Phaeophyceae,Polycerea
Ochrophyta,Phaeophyceae,Discosporangium
Ochrophyta,Phaeophyceae,Tinocladia
Ochrophyta,Phaeophyceae,Encyothalia
Ochrophyta,Phaeophyceae,Dilophus
Ochrophyta,Phaeophyceae,Perithalia
Ochrophyta,Phaeophyceae,Phyllospora
Ochrophyta,Phaeophyceae,Seirococcus
Ochrophyta,Phaeophyceae,Scaberia
Ochrophyta,Phaeophyceae,Endoplura
Ochrophyta,Phaeophyceae,Pleurophycus
Ochrophyta,Phaeophyceae,Dictyoneurum
Ochrophyta,Phaeophyceae,Desmotrichum
Ochrophyta,Phaeophyceae,Eckloniopsis
Ochrophyta,Phaeophyceae,Splachnidium
Ochrophyta,Phaeophyceae,Hincksia
Ochrophyta,Phaeophyceae,Pterygophora
Ochrophyta,Phaeophyceae,Durvillea
Ochrophyta,Phaeophyceae,Undaria
Ochrophyta,Phaeophyceae,Kjellmaniella
Ochrophyta,Phaeophyceae,Delamarea
Ochrophyta,Phaeophyceae,Endarachne
Ochrophyta,Phaeophyceae,Entonema
Ochrophyta,Phaeophyceae,Distromium
Ochrophyta,Phaeophyceae,Dictyoneuropsis
Ochrophyta,Phaeophyceae,Gononema
Ochrophyta,Phaeophyceae,Geminocarpus
Ochrophyta,Phaeophyceae,Gymnosorus
Ochrophyta,Phaeophyceae,Halidrys
Ochrophyta,Phaeophyceae,Haliseris
Ochrophyta,Phaeophyceae,Haplospora
Ochrophyta,Phaeophyceae,Hecatonema
Ochrophyta,Phaeophyceae,Landsburgia
Ochrophyta,Phaeophyceae,Levringia
Ochrophyta,Phaeophyceae,Litosiphon
Ochrophyta,Phaeophyceae,Lobospira
Ochrophyta,Phaeophyceae,Leptonematella
Ochrophyta,Phaeophyceae,Marginariella
Ochrophyta,Phaeophyceae,Microzonia
Ochrophyta,Phaeophyceae,Myriactula
Ochrophyta,Phaeophyceae,Myriocladia
Ochrophyta,Phaeophyceae,Myriodesma
Ochrophyta,Phaeophyceae,Myriogloia
Ochrophyta,Phaeophyceae,Nemacystus
Ochrophyta,Phaeophyceae,Austronereia
Ochrophyta,Phaeophyceae,Myriotrichia
Ochrophyta,Phaeophyceae,Notheia
Ochrophyta,Phaeophyceae,Pachydictyon
Ochrophyta,Phaeophyceae,Oerstedtia
Ochrophyta,Phaeophyceae,Phaeurus
Ochrophyta,Phaeophyceae,Philippiella
Ochrophyta,Phaeophyceae,Phloeospora
Ochrophyta,Phaeophyceae,Phycocelis
Ochrophyta,Phaeophyceae,Phyllitis
Ochrophyta,Phaeophyceae,Platythalia
Ochrophyta,Phaeophyceae,Ptilopogon
Ochrophyta,Phaeophyceae,Renfrewia
Ochrophyta,Phaeophyceae,Rosenvingea
Ochrophyta,Phaeophyceae,Saccorhiza
Ochrophyta,Phaeophyceae,Scytothalia
Ochrophyta,Phaeophyceae,Sorocarpus
Ochrophyta,Phaeophyceae,Spermatochnus
Ochrophyta,Phaeophyceae,Stypopodium
Ochrophyta,Phaeophyceae,Suringaria
Ochrophyta,Phaeophyceae,Omphalophyllum
Ochrophyta,Phaeophyceae,Himanthalia
Ochrophyta,Phaeophyceae,Tilopteris
Ochrophyta,Phaeophyceae,Isthmoplea
Ochrophyta,Phaeophyceae,Myagropsis
Ochrophyta,Phaeophyceae,Sauvageaugloia
Ochrophyta,Phaeophyceae,Acinetospora
Ochrophyta,Phaeophyceae,Hormophysa
Ochrophyta,Phaeophyceae,Druehlia
Ochrophyta,Phaeophyceae,Alethocladus
Ochrophyta,Phaeophyceae,Aglaozonia
Ochrophyta,Phaeophyceae,Cystosphaera
Ochrophyta,Phaeophyceae,Halosiphon
Ochrophyta,Phaeophyceae,Halothrix
Ochrophyta,Phaeophyceae,Himantothallus
Ochrophyta,Phaeophyceae,Liebmannia
Ochrophyta,Phaeophyceae,Stypocaulon
Ochrophyta,Phaeophyceae,Ulva
Ochrophyta,Phaeophyceae,Rugulopteryx
Ochrophyta,Phaeophyceae,Aureophycus
Ochrophyta,Phaeophyceae,Stephanocystis
Ochrophyta,Phaeophyceae,"""Stictyosiphon"""
Ochrophyta,Phaeophyceae,Protohalopteris
Ochrophyta,Phaeophyceae,Coildesme
Ochrophyta,Phaeophyceae,Cymethere
Ochrophyta,Phaeothamnionphyceae,Phaeosaccion
Ochrophyta,Phaeothamniophyceae,Phaeosaccion
Ochrophyta,Phaeothanmionphyceae,Phaeosaccion
Ochrophyta,Ralfsiaceae,Ralfsia
Ochrophyta,Xanthophyceae,Tribonema
Ochrophyta,Xanthophyceae,Vaucheria
Ochrophyta,Xanthophyceae,Botrydium
Ochrophyta,,Vaughaniella
Ochrophyta,,Lessoniopsis
Ochrophyta,,Alaria
Oomycota,Oomycetes,Albugo
Oomycota,Oomycetes,Cystopus
Oomycota,Oomycetes,Bremia
Oomycota,Oomycetes,Basidiophora
Oomycota,Oomycetes,Peronospora
Oomycota,Oomycetes,Phytophthora
Oomycota,Oomycetes,Plasmopara
Oomycota,Oomycetes,Pseudoperonospora
Oomycota,Oomycetes,Rhipidium
Oomycota,Oomycetes,Scleropthora
Oomycota,Oomycetes,Scleropsora
Oomycota,Oomycetes,Sclerospora
Oomycota,Oomycetes,Anisolpidium
Oomycota,Oomycetes,Eurychasma
Phaeophyta,Phaeophyceae,Alaria
Phaeophyta,Phaeophyceae,Undaria
Phaeophyta,Phaeophyceae,Lessoniopsis
Phaeophyta,Phaeophyceae,Pleurophycus
Phaeophyta,Phaeophyceae,Pterygophora
Phaeophyta,Phaeophyceae,Postelsia
Phaeophyta,Phaeophyceae,Laminaria
Phaeophyta,Phaeophyceae,Saccharina
Phaeophyta,Phaeophyceae,Eisenia
Phaeophyta,Phaeophyceae,Egregia
Phaeophyta,Phaeophyceae,Agarum
Phaeophyta,Phaeophyceae,Costaria
Phaeophyta,Phaeophyceae,Dictyoneurum
Phaeophyta,Phaeophyceae,Desmarestia
Rhodophyta,Balliaceae,Ballia
Rhodophyta,Bangiaceae,Bangia
Rhodophyta,Bangiophyceae,Bangia
Rhodophyta,Bangiophyceae,Goniotrichum
Rhodophyta,Bangiophyceae,Porphyra
Rhodophyta,Bangiophyceae,Pyropia
Rhodophyta,Bangiophyceae,Wildemania
Rhodophyta,Bangiophyceae,Boreophyllum
Rhodophyta,Bangiophyceae,Bangiadulcis
Rhodophyta,Bangiophyceae,Fuscifolium
Rhodophyta,Bangiophyceae,Bangia 2 Sensu Sutherland Et Al. 2011
Rhodophyta,Bangiophyceae,"""Bangia"""
Rhodophyta,Bangiophyceae,"""Bangia"" 2"
Rhodophyta,Bangiophyceae,"""Bangia"" 3"
Rhodophyta,Ceramiaceae,Ceramium
Rhodophyta,Ceramiaceae,Cermaium
Rhodophyta,Compsopogonophyceae,Erythrotrichia
Rhodophyta,Compsopogonophyceae,Membranella
Rhodophyta,Compsopogonophyceae,Porphyropsis
Rhodophyta,Compsopogonophyceae,Smithora
Rhodophyta,Compsopogonophyceae,Compsopogon
Rhodophyta,Compsopogonophyceae,Erythrocladia
Rhodophyta,Compsopogonophyceae,Porphyrostromium
Rhodophyta,Delesseriaceae,Polyneura
Rhodophyta,Delesseriaceae,Laingia
Rhodophyta,Florideophycaceae,Ptilota
Rhodophyta,Florideophycaea,Mazzaella
Rhodophyta,Florideophyceae,Arthrocladia
Rhodophyta,Florideophyceae,Ceratodictyon
Rhodophyta,Florideophyceae,Chlorochytrium
Rhodophyta,Florideophyceae,Coelothrix
Rhodophyta,Florideophyceae,Corynomorpha
Rhodophyta,Florideophyceae,Audouinella
Rhodophyta,Florideophyceae,Batrachospermum
Rhodophyta,Florideophyceae,Bonnemaisonia
Rhodophyta,Florideophyceae,Botryoglossum
Rhodophyta,Florideophyceae,Callophyllis
Rhodophyta,Florideophyceae,Pugetia
Rhodophyta,Florideophyceae,Ceramium
Rhodophyta,Florideophyceae,Chondria
Rhodophyta,Florideophyceae,Constantinea
Rhodophyta,Florideophyceae,Cryptonemia
Rhodophyta,Florideophyceae,Cryptopleura
Rhodophyta,Florideophyceae,Cryptosiphonia
Rhodophyta,Florideophyceae,Delesseria
Rhodophyta,Florideophyceae,Dumontia
Rhodophyta,Florideophyceae,Endocladia
Rhodophyta,Florideophyceae,Erythrophyllum
Rhodophyta,Florideophyceae,Farlowia
Rhodophyta,Florideophyceae,Fauchea
Rhodophyta,Florideophyceae,Gastroclonium
Rhodophyta,Florideophyceae,Gelidium
Rhodophyta,Florideophyceae,Gigartina
Rhodophyta,Florideophyceae,Mazzaella
Rhodophyta,Florideophyceae,Antithamnion
Rhodophyta,Florideophyceae,Chondracanthus
Rhodophyta,Florideophyceae,Botryocladia
Rhodophyta,Florideophyceae,Dilsea
Rhodophyta,Florideophyceae,Gloioderma
Rhodophyta,Florideophyceae,Gloiodermatopsis
Rhodophyta,Florideophyceae,Gloiopeltis
Rhodophyta,Florideophyceae,Gloiophloea
Rhodophyta,Florideophyceae,Gloiosaccion
Rhodophyta,Florideophyceae,Gloiosiphonia
Rhodophyta,Florideophyceae,Gonimophyllum
Rhodophyta,Florideophyceae,Gracilaria
Rhodophyta,Florideophyceae,Gracilariopsis
Rhodophyta,Florideophyceae,Caulacanthus
Rhodophyta,Florideophyceae,Carpopeltis
Rhodophyta,Florideophyceae,Chondrus
Rhodophyta,Florideophyceae,Grateloupia
Rhodophyta,Florideophyceae,Gracilariophila
Rhodophyta,Florideophyceae,Dudresnaya
Rhodophyta,Florideophyceae,Gymnogongrus
Rhodophyta,Florideophyceae,Griffithsia
Rhodophyta,Florideophyceae,Haloplegma
Rhodophyta,Florideophyceae,Grinnellia
Rhodophyta,Florideophyceae,Gulsonia
Rhodophyta,Florideophyceae,Halosaccion
Rhodophyta,Florideophyceae,Gymnothamnion
Rhodophyta,Florideophyceae,Haematocelis
Rhodophyta,Florideophyceae,Halydictyon
Rhodophyta,Florideophyceae,Halarachnion
Rhodophyta,Florideophyceae,Hildenbrandia
Rhodophyta,Florideophyceae,Halurus
Rhodophyta,Florideophyceae,Halymenia
Rhodophyta,Florideophyceae,Cirrulicarpus
Rhodophyta,Florideophyceae,Neodilsea
Rhodophyta,Florideophyceae,Haplodasya
Rhodophyta,Florideophyceae,Haraldiophyllum
Rhodophyta,Florideophyceae,Myriogramme
Rhodophyta,Florideophyceae,Harveyella
Rhodophyta,Florideophyceae,Helminthocladia
Rhodophyta,Florideophyceae,Helminthora
Rhodophyta,Florideophyceae,Hemineura
Rhodophyta,Florideophyceae,Herpophyllon
Rhodophyta,Florideophyceae,Herpochondria
Rhodophyta,Florideophyceae,Herposiphonia
Rhodophyta,Florideophyceae,Heterodasya
Rhodophyta,Florideophyceae,Heterodoxia
Rhodophyta,Florideophyceae,Heterothamnion
Rhodophyta,Florideophyceae,Hideophyllum
Rhodophyta,Florideophyceae,Heteroderma
Rhodophyta,Florideophyceae,Hollenbergia
Rhodophyta,Florideophyceae,Holmesia
Rhodophyta,Florideophyceae,Holotrichia
Rhodophyta,Florideophyceae,Hummbrella
Rhodophyta,Florideophyceae,Hyalosiphonia
Rhodophyta,Florideophyceae,Hymenena
Rhodophyta,Florideophyceae,Hymenocladia
Rhodophyta,Florideophyceae,Hypoglossum
Rhodophyta,Florideophyceae,Hypnea
Rhodophyta,Florideophyceae,Hypneocolax
Rhodophyta,Florideophyceae,Hypophyllum
Rhodophyta,Florideophyceae,Iridaea
Rhodophyta,Florideophyceae,Mazzaell
Rhodophyta,Florideophyceae,Fosliella
Rhodophyta,Florideophyceae,Mazzella
Rhodophyta,Florideophyceae,Sarcothalia
Rhodophyta,Florideophyceae,Mazzealla
Rhodophyta,Florideophyceae,Isoptera
Rhodophyta,Florideophyceae,Jeannerettia
Rhodophyta,Florideophyceae,Janczewskia
Rhodophyta,Florideophyceae,Kallymenia
Rhodophyta,Florideophyceae,Kallymeniopsis
Rhodophyta,Florideophyceae,Laingia
Rhodophyta,Florideophyceae,Lasiothalia
Rhodophyta,Florideophyceae,Catenellopsis
Rhodophyta,Florideophyceae,Laurencia
Rhodophyta,Florideophyceae,Leachiella
Rhodophyta,Florideophyceae,Lejolisia
Rhodophyta,Florideophyceae,Lemanea
Rhodophyta,Florideophyceae,Lenormandia
Rhodophyta,Florideophyceae,Leptocladia
Rhodophyta,Florideophyceae,Leptofauchea
Rhodophyta,Florideophyceae,Leptosarca
Rhodophyta,Florideophyceae,Leveillea
Rhodophyta,Florideophyceae,Liagora
Rhodophyta,Florideophyceae,Lomathamnion
Rhodophyta,Florideophyceae,Lomentaria
Rhodophyta,Florideophyceae,Lophocladia
Rhodophyta,Florideophyceae,Lophurella
Rhodophyta,Florideophyceae,Lophosiphonia
Rhodophyta,Florideophyceae,Lophothalia
Rhodophyta,Florideophyceae,Lophothamnion
Rhodophyta,Florideophyceae,Macrothamnion
Rhodophyta,Florideophyceae,Malaconema
Rhodophyta,Florideophyceae,Martensia
Rhodophyta,Florideophyceae,Maripelta
Rhodophyta,Florideophyceae,Mastophora
Rhodophyta,Florideophyceae,Medeiothamnion
Rhodophyta,Florideophyceae,Melanthalia
Rhodophyta,Florideophyceae,Melobesia
Rhodophyta,Florideophyceae,Membranoptera
Rhodophyta,Florideophyceae,Meredithia
Rhodophyta,Florideophyceae,Meristotheca
Rhodophyta,Florideophyceae,Metamastophora
Rhodophyta,Florideophyceae,Metamorphe
Rhodophyta,Florideophyceae,Microcladia
Rhodophyta,Florideophyceae,Minium
Rhodophyta,Florideophyceae,Mikamiella
Rhodophyta,Florideophyceae,Mychodea
Rhodophyta,Florideophyceae,Murrayella
Rhodophyta,Florideophyceae,Muellerena
Rhodophyta,Florideophyceae,Monosporus
Rhodophyta,Florideophyceae,Nemalion
Rhodophyta,Florideophyceae,Nemastoma
Rhodophyta,Florideophyceae,Neomonospora
Rhodophyta,Florideophyceae,Neoptilota
Rhodophyta,Florideophyceae,Neorhodomela
Rhodophyta,Florideophyceae,Nienburgia
Rhodophyta,Florideophyceae,Nitophyllum
Rhodophyta,Florideophyceae,Nizymenia
Rhodophyta,Florideophyceae,Nothocladus
Rhodophyta,Florideophyceae,Ochtodes
Rhodophyta,Florideophyceae,Odonthalia
Rhodophyta,Florideophyceae,Ahnfeltia
Rhodophyta,Florideophyceae,Ptilota
Rhodophyta,Florideophyceae,Ophidocladus
Rhodophyta,Florideophyceae,Opuntiella
Rhodophyta,Florideophyceae,Osmundaria
Rhodophyta,Florideophyceae,Ozophora
Rhodophyta,Florideophyceae,Pachymenia
Rhodophyta,Florideophyceae,Palmaria
Rhodophyta,Florideophyceae,Dasyclonium
Rhodophyta,Florideophyceae,Pandorella
Rhodophyta,Florideophyceae,Pantoneura
Rhodophyta,Florideophyceae,Perithamnion
Rhodophyta,Florideophyceae,Petrocelis
Rhodophyta,Florideophyceae,Schottera
Rhodophyta,Florideophyceae,Peyssonnelia
Rhodophyta,Florideophyceae,Peyssonneliopsis
Rhodophyta,Florideophyceae,Phacelocarpus
Rhodophyta,Florideophyceae,Phitymophora
Rhodophyta,Florideophyceae,Phycodrys
Rhodophyta,Florideophyceae,Pterothamnion
Rhodophyta,Florideophyceae,Platythamnion
Rhodophyta,Florideophyceae,Phyllophora
Rhodophyta,Florideophyceae,Pikea
Rhodophyta,Florideophyceae,Pithyopsis
Rhodophyta,Florideophyceae,Platyclinia
Rhodophyta,Florideophyceae,Platysiphonia
Rhodophyta,Florideophyceae,Pleonosporium
Rhodophyta,Florideophyceae,Pleuroblepharidella
Rhodophyta,Florideophyceae,Pleuroblepharis
Rhodophyta,Florideophyceae,Pleurostichidium
Rhodophyta,Florideophyceae,Plocamiocolax
Rhodophyta,Florideophyceae,Plocamium
Rhodophyta,Florideophyceae,Polyneura
Rhodophyta,Florideophyceae,Antithamnionella
Rhodophyta,Florideophyceae,Plumaria
Rhodophyta,Florideophyceae,Plumariopsis
Rhodophyta,Florideophyceae,Pogonophorella
Rhodophyta,Florideophyceae,Polycoryne
Rhodophyta,Florideophyceae,Polyides
Rhodophyta,Florideophyceae,Polyneuropsis
Rhodophyta,Florideophyceae,Polyopes
Rhodophyta,Florideophyceae,Polysiphonia
Rhodophyta,Florideophyceae,Sarcodiotheca
Rhodophyta,Florideophyceae,Prionitis
Rhodophyta,Florideophyceae,Mastocarpus
Rhodophyta,Florideophyceae,Schizymenia
Rhodophyta,Florideophyceae,Amplisiphonia
Rhodophyta,Florideophyceae,Protokuetzingia
Rhodophyta,Florideophyceae,Pseudophycodrys
Rhodophyta,Florideophyceae,Pseudogloiophloea
Rhodophyta,Florideophyceae,Pseudoscinaia
Rhodophyta,Florideophyceae,Pseudorhododiscus
Rhodophyta,Florideophyceae,Pterochondria
Rhodophyta,Florideophyceae,Branchioglossum
Rhodophyta,Florideophyceae,Heterosiphonia
Rhodophyta,Florideophyceae,Rhodymenia
Rhodophyta,Florideophyceae,Pterocladia
Rhodophyta,Florideophyceae,Pterosiphonia
Rhodophyta,Florideophyceae,Acanthophora
Rhodophyta,Florideophyceae,Actinotrichia
Rhodophyta,Florideophyceae,Amansia
Rhodophyta,Florideophyceae,Asparagopsis
Rhodophyta,Florideophyceae,Galaxaura
Rhodophyta,Florideophyceae,Gelidiella
Rhodophyta,Florideophyceae,Gelidiopsis
Rhodophyta,Florideophyceae,Wurdemannia
Rhodophyta,Florideophyceae,Zellera
Rhodophyta,Florideophyceae,Tolypiocladia
Rhodophyta,Florideophyceae,Erythrocystis
Rhodophyta,Florideophyceae,Rhabdonia
Rhodophyta,Florideophyceae,Rhizopogonia
Rhodophyta,Florideophyceae,Rhododermis
Rhodophyta,Florideophyceae,Rhodoglossum
Rhodophyta,Florideophyceae,Rhodomela
Rhodophyta,Florideophyceae,Rhodopeltis
Rhodophyta,Florideophyceae,Rhodophysema
Rhodophyta,Florideophyceae,Rhodophyllis
Rhodophyta,Florideophyceae,Rhodoptilum
Rhodophyta,Florideophyceae,Roschera
Rhodophyta,Florideophyceae,Sarcodia
Rhodophyta,Florideophyceae,Ptilonia
Rhodophyta,Florideophyceae,Ptilocladia
Rhodophyta,Florideophyceae,Ptilothamnionopsis
Rhodophyta,Florideophyceae,Ptilothamnion
Rhodophyta,Florideophyceae,Sarcomenia
Rhodophyta,Florideophyceae,Sarconema
Rhodophyta,Florideophyceae,Sarcotrichia
Rhodophyta,Florideophyceae,Scagelia
Rhodophyta,Florideophyceae,Scagelonema
Rhodophyta,Florideophyceae,Schizoseris
Rhodophyta,Florideophyceae,Schizochlaenion
Rhodophyta,Florideophyceae,Schmitzia
Rhodophyta,Florideophyceae,Schmitziella
Rhodophyta,Florideophyceae,Scinaia
Rhodophyta,Florideophyceae,Sebdenia
Rhodophyta,Florideophyceae,Seirospora
Rhodophyta,Florideophyceae,Shepleya
Rhodophyta,Florideophyceae,Solieria
Rhodophyta,Florideophyceae,Sonderella
Rhodophyta,Florideophyceae,Spermothamnion
Rhodophyta,Florideophyceae,Sphaerococcus
Rhodophyta,Florideophyceae,Sphondylothamnion
Rhodophyta,Florideophyceae,Spongoclonium
Rhodophyta,Florideophyceae,Sporoglossum
Rhodophyta,Florideophyceae,Spyridia
Rhodophyta,Florideophyceae,Stenogramma
Rhodophyta,Florideophyceae,Stenocladia
Rhodophyta,Florideophyceae,Stictosporum
Rhodophyta,Florideophyceae,Stromatocarpus
Rhodophyta,Florideophyceae,Symphyocladia
Rhodophyta,Florideophyceae,Taenioma
Rhodophyta,Florideophyceae,Thamnophyllis
Rhodophyta,Florideophyceae,Thorea
Rhodophyta,Florideophyceae,Thuretia
Rhodophyta,Florideophyceae,Thuretella
Rhodophyta,Florideophyceae,Thuretellopsis
Rhodophyta,Florideophyceae,Thysanocladia
Rhodophyta,Florideophyceae,Tichocarpus
Rhodophyta,Florideophyceae,Tiffaniella
Rhodophyta,Florideophyceae,Titanophora
Rhodophyta,Florideophyceae,Tokidaea
Rhodophyta,Florideophyceae,Tokidadendron
Rhodophyta,Florideophyceae,Trailliella
Rhodophyta,Florideophyceae,Fryeella
Rhodophyta,Florideophyceae,Centroceras
Rhodophyta,Florideophyceae,Drachiella
Rhodophyta,Florideophyceae,Champia
Rhodophyta,Florideophyceae,Cordylecladia
Rhodophyta,Florideophyceae,Dermocorynus
Rhodophyta,Florideophyceae,Trematocarpus
Rhodophyta,Florideophyceae,Trichogloea
Rhodophyta,Florideophyceae,Tuomeya
Rhodophyta,Florideophyceae,Turnerella
Rhodophyta,Florideophyceae,Tylotus
Rhodophyta,Florideophyceae,Vanvoorstia
Rhodophyta,Florideophyceae,Vidalia
Rhodophyta,Florideophyceae,Warrenia
Rhodophyta,Florideophyceae,Weeksia
Rhodophyta,Florideophyceae,Velatocarpus
Rhodophyta,Florideophyceae,Whidbeyella
Rhodophyta,Florideophyceae,Wilsonaea
Rhodophyta,Florideophyceae,Wrangelia
Rhodophyta,Florideophyceae,Wollastoniella
Rhodophyta,Florideophyceae,Wrightiella
Rhodophyta,Florideophyceae,Yamadaella
Rhodophyta,Florideophyceae,Zinovaea
Rhodophyta,Florideophyceae,Calliarthron
Rhodophyta,Florideophyceae,Amphiroa
Rhodophyta,Florideophyceae,Titanoderma
Rhodophyta,Florideophyceae,Archeolithothamnium
Rhodophyta,Florideophyceae,Arthrocardia
Rhodophyta,Florideophyceae,Bossiella
Rhodophyta,Florideophyceae,Rytiphlaea
Rhodophyta,Florideophyceae,Rissoella
Rhodophyta,Florideophyceae,Halopithys
Rhodophyta,Florideophyceae,Digenea
Rhodophyta,Florideophyceae,Dasya
Rhodophyta,Florideophyceae,Chylocladia
Rhodophyta,Florideophyceae,Alsidium
Rhodophyta,Florideophyceae,Acrosorium
Rhodophyta,Florideophyceae,Corallina
Rhodophyta,Florideophyceae,Boreothamnion
Rhodophyta,Florideophyceae,Yendonia
Rhodophyta,Florideophyceae,Brongniartella
Rhodophyta,Florideophyceae,Clathromorphum
Rhodophyta,Florideophyceae,Cheilosporum
Rhodophyta,Florideophyceae,Chiharaea
Rhodophyta,Florideophyceae,Leptophytum
Rhodophyta,Florideophyceae,Calliblepharis
Rhodophyta,Florideophyceae,Cystoclonium
Rhodophyta,Florideophyceae,Mesophyllum
Rhodophyta,Florideophyceae,Lithophyllum
Rhodophyta,Florideophyceae,Lithothamnion
Rhodophyta,Florideophyceae,Phymatolithon
Rhodophyta,Florideophyceae,Metagoniolithon
Rhodophyta,Florideophyceae,Pseudolithophyllum
Rhodophyta,Florideophyceae,Polyporolithon
Rhodophyta,Florideophyceae,Serraticardia
Rhodophyta,Florideophyceae,Tenarea
Rhodophyta,Florideophyceae,Yamadaia
Rhodophyta,Florideophyceae,Yamadaea
Rhodophyta,Florideophyceae,“Coralline”
Rhodophyta,Florideophyceae,Crustose
Rhodophyta,Florideophyceae,Dermatolithon
Rhodophyta,Florideophyceae,Goniolithon
Rhodophyta,Florideophyceae,Jania
Rhodophyta,Florideophyceae,Joculator
Rhodophyta,Florideophyceae,Callithamnion
Rhodophyta,Florideophyceae,Lithothamnium
Rhodophyta,Florideophyceae,Lithothrix
Rhodophyta,Florideophyceae,Cumagloia
Rhodophyta,Florideophyceae,Kraftia
Rhodophyta,Florideophyceae,Sonderopelta
Rhodophyta,Florideophyceae,Haliptilon
Rhodophyta,Florideophyceae,Bostrychia
Rhodophyta,Florideophyceae,Desmia
Rhodophyta,Florideophyceae,Hommersandia
Rhodophyta,Florideophyceae,Tayloriella
Rhodophyta,Florideophyceae,Crossocarpus
Rhodophyta,Florideophyceae,Falkenbergia
Rhodophyta,Florideophyceae,Crouania
Rhodophyta,Florideophyceae,Euthora
Rhodophyta,Florideophyceae,Asterocolax
Rhodophyta,Florideophyceae,Dermonema
Rhodophyta,Florideophyceae,Faucheocolax
Rhodophyta,Florideophyceae,Chondrococcus
Rhodophyta,Florideophyceae,Tricleocarpa
Rhodophyta,Florideophyceae,Ballia
Rhodophyta,Florideophyceae,Chaetangium
Rhodophyta,Florideophyceae,Anotrichium
Rhodophyta,Florideophyceae,Radiathamnion
Rhodophyta,Florideophyceae,Erythrymenia
Rhodophyta,Florideophyceae,Apophlaea
Rhodophyta,Florideophyceae,Dendrymenia
Rhodophyta,Florideophyceae,Coelarthrum
Rhodophyta,Florideophyceae,Delisea
Rhodophyta,Florideophyceae,Acanthopeltis
Rhodophyta,Florideophyceae,Psilothallia
Rhodophyta,Florideophyceae,Balliella
Rhodophyta,Florideophyceae,Callophycus
Rhodophyta,Florideophyceae,Euptilota
Rhodophyta,Florideophyceae,Polyzonia
Rhodophyta,Florideophyceae,Dasyphila
Rhodophyta,Florideophyceae,Ptilophora
Rhodophyta,Florideophyceae,Heringia
Rhodophyta,Florideophyceae,Georgiella
Rhodophyta,Florideophyceae,Picconiella
Rhodophyta,Florideophyceae,Isabbottia
Rhodophyta,Florideophyceae,Devaleraea
Rhodophyta,Florideophyceae,Choreocolax
Rhodophyta,Florideophyceae,Ahnfeltiopsis
Rhodophyta,Florideophyceae,Rhodochorton
Rhodophyta,Florideophyceae,Caloglossa
Rhodophyta,Florideophyceae,Campylaephora
Rhodophyta,Florideophyceae,Pneophyllum
Rhodophyta,Florideophyceae,Abroteia
Rhodophyta,Florideophyceae,Acanthoccous
Rhodophyta,Florideophyceae,Acanthococcus
Rhodophyta,Florideophyceae,Acrodiscus
Rhodophyta,Florideophyceae,Acrocystis
Rhodophyta,Florideophyceae,Acrosymphyton
Rhodophyta,Florideophyceae,Acrothamnion
Rhodophyta,Florideophyceae,Acrotylus
Rhodophyta,Florideophyceae,Aeodes
Rhodophyta,Florideophyceae,Aglaothamnion
Rhodophyta,Florideophyceae,Amoenothamnion
Rhodophyta,Florideophyceae,Amphiplexia
Rhodophyta,Florideophyceae,Aphanocladia
Rhodophyta,Florideophyceae,Apoglossum
Rhodophyta,Florideophyceae,Areschougia
Rhodophyta,Florideophyceae,Austrophyllis
Rhodophyta,Florideophyceae,Bartoniella
Rhodophyta,Florideophyceae,Baylesia
Rhodophyta,Florideophyceae,Benzaitenia
Rhodophyta,Florideophyceae,Beringiella
Rhodophyta,Florideophyceae,Bertholdia
Rhodophyta,Florideophyceae,Bindera
Rhodophyta,Florideophyceae,Binghamia
Rhodophyta,Florideophyceae,Boergeseniella
Rhodophyta,Florideophyceae,Bornetia
Rhodophyta,Florideophyceae,Bryocladia
Rhodophyta,Florideophyceae,Bryothamnion
Rhodophyta,Florideophyceae,Agardhiella
Rhodophyta,Florideophyceae,Callocolax
Rhodophyta,Florideophyceae,Catenella
Rhodophyta,Florideophyceae,Ceratocolax
Rhodophyta,Florideophyceae,Chiracanthia
Rhodophyta,Florideophyceae,Chondrosiphon
Rhodophyta,Florideophyceae,Mazaella
Rhodophyta,Florideophyceae,Chrysymenia
Rhodophyta,Florideophyceae,Cladhymenia
Rhodophyta,Florideophyceae,Cladodontia
Rhodophyta,Florideophyceae,Claudea
Rhodophyta,Florideophyceae,Cliftonaea
Rhodophyta,Florideophyceae,Coeloseira
Rhodophyta,Florideophyceae,Coeloclonium
Rhodophyta,Florideophyceae,Jantinella
Rhodophyta,Florideophyceae,Congregatocarpus
Rhodophyta,Florideophyceae,Corallopsis
Rhodophyta,Florideophyceae,Cottoniella
Rhodophyta,Florideophyceae,Craspedocarpus
Rhodophyta,Florideophyceae,Cumathamnion
Rhodophyta,Florideophyceae,Curdiea
Rhodophyta,Florideophyceae,Cyrtymenia
Rhodophyta,Florideophyceae,Dactylymenia
Rhodophyta,Florideophyceae,Dasyopsis
Rhodophyta,Florideophyceae,Dasyphloea
Rhodophyta,Florideophyceae,Dasyptilon
Rhodophyta,Florideophyceae,Diapse
Rhodophyta,Florideophyceae,Dicranema
Rhodophyta,Florideophyceae,Dictyomenia
Rhodophyta,Florideophyceae,Dictyurus
Rhodophyta,Florideophyceae,Diplocladia
Rhodophyta,Florideophyceae,Dipterosiphonia
Rhodophyta,Florideophyceae,Doxodasya
Rhodophyta,Florideophyceae,Echinoceras
Rhodophyta,Florideophyceae,Echinothamnion
Rhodophyta,Florideophyceae,Enelittosiphonia
Rhodophyta,Florideophyceae,Epilithon
Rhodophyta,Florideophyceae,Epymenia
Rhodophyta,Florideophyceae,Erythroclonium
Rhodophyta,Florideophyceae,Erythroglossum
Rhodophyta,Florideophyceae,Eucheuma
Rhodophyta,Florideophyceae,Fernandosiphonia
Rhodophyta,Florideophyceae,Furcellaria
Rhodophyta,Florideophyceae,Faucheopsis
Rhodophyta,Florideophyceae,Lukinia
Rhodophyta,Florideophyceae,Marionella
Rhodophyta,Florideophyceae,Yoshidaphycus
Rhodophyta,Florideophyceae,Marginisporum
Rhodophyta,Florideophyceae,Ardissonula
Rhodophyta,Florideophyceae,Acrocosium
Rhodophyta,Florideophyceae,Gelidiocolax
Rhodophyta,Florideophyceae,Alleynea
Rhodophyta,Florideophyceae,Pollexfenia
Rhodophyta,Florideophyceae,Nitospinosa
Rhodophyta,Florideophyceae,Epiglossum
Rhodophyta,Florideophyceae,Webervanbossea
Rhodophyta,Florideophyceae,Neohypophyllum
Rhodophyta,Florideophyceae,Pterocladiella
Rhodophyta,Florideophyceae,Portieria
Rhodophyta,Florideophyceae,Predaea
Rhodophyta,Florideophyceae,Delesseriopsis
Rhodophyta,Florideophyceae,Plumariella
Rhodophyta,Florideophyceae,Sorella
Rhodophyta,Florideophyceae,Euzoniella
Rhodophyta,Florideophyceae,Dasysiphonia
Rhodophyta,Florideophyceae,Masudaphycus
Rhodophyta,Florideophyceae,Sparlingia
Rhodophyta,Florideophyceae,Osmundea
Rhodophyta,Florideophyceae,Orculifilum
Rhodophyta,Florideophyceae,Porolithon
Rhodophyta,Florideophyceae,Colaconema
Rhodophyta,Florideophyceae,Meiodiscus
Rhodophyta,Florideophyceae,Pachyarthron
Rhodophyta,Florideophyceae,Stenogramme
Rhodophyta,Florideophyceae,Zymurgia
Rhodophyta,Florideophyceae,Synarthrophyton
Rhodophyta,Florideophyceae,Tsengia
Rhodophyta,Florideophyceae,Thamnoclonium
Rhodophyta,Florideophyceae,Nothogenia
Rhodophyta,Florideophyceae,Neurymenia
Rhodophyta,Florideophyceae,Leptosomia
Rhodophyta,Florideophyceae,Holmsella
Rhodophyta,Florideophyceae,Hirsutithallia
Rhodophyta,Florideophyceae,Halosacciocolax
Rhodophyta,Florideophyceae,Gelinaria
Rhodophyta,Florideophyceae,Glaphyrymenia
Rhodophyta,Florideophyceae,Gloiophyllis
Rhodophyta,Florideophyceae,Acrochaetium
Rhodophyta,Florideophyceae,Dichotomaria
Rhodophyta,Florideophyceae,Aneuria
Rhodophyta,Florideophyceae,Kuetzingia
Rhodophyta,Florideophyceae,Placophora
Rhodophyta,Florideophyceae,Cf. Pugetia
Rhodophyta,Florideophyceae,Gloiosiphona
Rhodophyta,Florideophyceae,Loranthophycus
Rhodophyta,Florideophyceae,Kumanoa
Rhodophyta,Florideophyceae,Johansenia
Rhodophyta,Florideophyceae,Tanakaella
Rhodophyta,Florideophyceae,Crusticorallina
Rhodophyta,Florideophyceae,Gloiocladia
Rhodophyta,Florideophyceae,Odonthalila
Rhodophyta,Florideophyceae,Neogastroclonium
Rhodophyta,Florideophyceae,Salishia
Rhodophyta,Florideophyceae,Sarcodeotheca
Rhodophyta,Florideophyceae,Rhododrewia
Rhodophyta,Florideophyceae,Indeterminate
Rhodophyta,Florideophyceae,Dictyothamnion
Rhodophyta,Florideophyceae,Capreolia
Rhodophyta,Florideophyceae,Neosiphonia
Rhodophyta,Florideophyceae,Spongites
Rhodophyta,Florideophyceae,"""Coralline"""
Rhodophyta,Florideophyceae,Neogoniolithon
Rhodophyta,Florideophyceae,Neopolyprolithon
Rhodophyta,Florideophyceae,Hapalidiaceae
Rhodophyta,Florideophyceae,Neopolyporolithon
Rhodophyta,Florideophyceae,Alatocladia
Rhodophyta,Florideophyceae,Sporolithon
Rhodophyta,Florideophyceae,Coccotylus
Rhodophyta,Florideophyceae,Cf. Euthora
Rhodophyta,Florideophyceae,Cf. Callophyllis
Rhodophyta,Florideophyceae,Pyropia
Rhodophyta,Florideophyceae,Fredericqia
Rhodophyta,Florideophyceae,Besa
Rhodophyta,Florideophyceae,Polyostea
Rhodophyta,Nemaliaceae,Nemalion
Rhodophyta,Phaeophyceae,Saccharina
Rhodophyta,Porphyridiophyceae,Goniotrichopsis
Rhodophyta,Porphyridiophyceae,Neevea
Rhodophyta,Porphyridiophyceae,Empselium
Rhodophyta,Rhodellophyceae,Rhodella
Rhodophyta,Rhodomelaceae,Pterosiphonia
Rhodophyta,Rhodomelaceae,Rhodomela
Rhodophyta,Rhodomelaceae,Chondria
Rhodophyta,Stylonematophyceae,Rhodosorus
Rhodophyta,Stylonematophyceae,Chroodactylon
Rhodophyta,Stylonematophyceae,Stylonema
Rhodophyta,Ulvophyceae,Ulva
Rhodophyta,Wrangeliaceae,Ptilota
Rhodophyta,,Monospora
Rhodophyta,,Indet.
Rhodophyta,,Dermonema
Rhodophyta,,Porphyra
Rhodophyta,,Pyropia
Rhodophyta,,Polyneura
Rhodophyta,,Scinaia
Rhodophyta,,Antithamnion
Rhodophyta,,Turnerella
Rhodophyta,,Wildemania
Rhodophyta,,Boreophyllum
Rhodophyta,,"""Bangia"""
Rhodophyta,,Rhodolith
Rhodophyta,,Smithora
