Phylum,Class,Genus,Cabinet
Ascomycota,Arthoniomycetes,Mazosia,36.10
Ascomycota,Arthoniomycetes,Opegrapha,36.10
Ascomycota,Dothideomycetes,Abrothallus,36.14
Ascomycota,Dothideomycetes,Acantharia,36.10
Ascomycota,Dothideomycetes,Acrospermum,36.10
Ascomycota,Dothideomycetes,Actinonema,36.14
Ascomycota,Dothideomycetes,Adelopus,36.10
Ascomycota,Dothideomycetes,Alternaria,36.10
Ascomycota,Dothideomycetes,Ampelomyces,36.10
Ascomycota,Dothideomycetes,Antennularia,36.10
Ascomycota,Dothideomycetes,Apiosporina,36.10
Ascomycota,Dothideomycetes,Aplosporella,36.11
Ascomycota,Dothideomycetes,Ascochyta,36.10
Ascomycota,Dothideomycetes,Ascospora,36.14
Ascomycota,Dothideomycetes,Asteromella,36.10
Ascomycota,Dothideomycetes,Aulographum,36.10
Ascomycota,Dothideomycetes,Bactrodesmium,36.10
Ascomycota,Dothideomycetes,Berkleasmium,36.10
Ascomycota,Dothideomycetes,Bipolaris,36.10
Ascomycota,Dothideomycetes,Bitancourtia,36.10
Ascomycota,Dothideomycetes,Botryosphaeria,36.10
Ascomycota,Dothideomycetes,Brefeldiella,36.10
Ascomycota,Dothideomycetes,Camarosporium,36.10
Ascomycota,Dothideomycetes,Capnobotrys,36.10
Ascomycota,Dothideomycetes,Capnodium,36.10
Ascomycota,Dothideomycetes,Catenuloxyphium,36.14
Ascomycota,Dothideomycetes,Cercoseptoria,36.10
Ascomycota,Dothideomycetes,Cercospora,36.10
Ascomycota,Dothideomycetes,Cercosporella,"36.14, 36.10"
Ascomycota,Dothideomycetes,Cerebella,36.10
Ascomycota,Dothideomycetes,Chaetasbolisia,36.14
Ascomycota,Dothideomycetes,Cheiromyces,36.14
Ascomycota,Dothideomycetes,Cicinnobolus,36.10
Ascomycota,Dothideomycetes,Cladosporium,36.11
Ascomycota,Dothideomycetes,Clavariopsis,36.10
Ascomycota,Dothideomycetes,Cochliobolus,36.11
Ascomycota,Dothideomycetes,Coleroa,36.11
Ascomycota,Dothideomycetes,Conidiocarpus,"36,11, 36.11"
Ascomycota,Dothideomycetes,Coniothyriopsis,36.11
Ascomycota,Dothideomycetes,Coniothyrium,36.11
Ascomycota,Dothideomycetes,Corynespora,36.11
Ascomycota,Dothideomycetes,Crivellia,36.11
Ascomycota,Dothideomycetes,Cucurbidothis,36.11
Ascomycota,Dothideomycetes,Cucurbitaria,36.11
Ascomycota,Dothideomycetes,Curvularia,36.11
Ascomycota,Dothideomycetes,Cymadothea,36.11
Ascomycota,Dothideomycetes,Darluca,36.11
Ascomycota,Dothideomycetes,Dendryphion,36.11
Ascomycota,Dothideomycetes,Dendryphiopsis,36.11
Ascomycota,Dothideomycetes,Dibotryon,36.11
Ascomycota,Dothideomycetes,Dictyosporium,36.11
Ascomycota,Dothideomycetes,Didymella,36.11
Ascomycota,Dothideomycetes,Didymellina,36.11
Ascomycota,Dothideomycetes,Didymosphaeria,36.11
Ascomycota,Dothideomycetes,Dilophospora,36.11
Ascomycota,Dothideomycetes,Dimeriella,36.11
Ascomycota,Dothideomycetes,Dimerium,36.11
Ascomycota,Dothideomycetes,Dimerosporium,36.11
Ascomycota,Dothideomycetes,Diplodia,36.11
Ascomycota,Dothideomycetes,Dothichiza,36.11
Ascomycota,Dothideomycetes,Dothidella,36.11
Ascomycota,Dothideomycetes,Dothiora,36.11
Ascomycota,Dothideomycetes,Dothiorella,36.11
Ascomycota,Dothideomycetes,Dothistroma,36.11
Ascomycota,Dothideomycetes,Drechslera,36.11
Ascomycota,Dothideomycetes,Elsinoe,36.11
Ascomycota,Dothideomycetes,Englerula,36.11
Ascomycota,Dothideomycetes,Epicoccum,36.11
Ascomycota,Dothideomycetes,Epipolaeum,36.11
Ascomycota,Dothideomycetes,Fenestella,36.11
Ascomycota,Dothideomycetes,Fumiglobus,"TYPE, 36.11"
Ascomycota,Dothideomycetes,Fusicladium,36.11
Ascomycota,Dothideomycetes,Gibbera,36.11
Ascomycota,Dothideomycetes,Gibberidea,36.11
Ascomycota,Dothideomycetes,Glonium,36.11
Ascomycota,Dothideomycetes,Guignardia,36.11
Ascomycota,Dothideomycetes,Helicoma,36.11
Ascomycota,Dothideomycetes,Helicomyces,36.11
Ascomycota,Dothideomycetes,Helicosporium,36.11
Ascomycota,Dothideomycetes,Helminthosporium,36.11
Ascomycota,Dothideomycetes,Hendersonia,36.11
Ascomycota,Dothideomycetes,Herpotrichia,36.11
Ascomycota,Dothideomycetes,Heterosporium,36.11
Ascomycota,Dothideomycetes,Hormiscium,36.14
Ascomycota,Dothideomycetes,Hormodendrum,36.11
Ascomycota,Dothideomycetes,Hysterium,36.11
Ascomycota,Dothideomycetes,Hysterographium,36.11
Ascomycota,Dothideomycetes,Hysteropatella,36.11
Ascomycota,Dothideomycetes,Isariopsis,36.11
Ascomycota,Dothideomycetes,Isthmospora,36.11
Ascomycota,Dothideomycetes,Kabatia,36.11
Ascomycota,Dothideomycetes,Kalmusia,36.11
Ascomycota,Dothideomycetes,Kellermania,36.11
Ascomycota,Dothideomycetes,Kirschsteiniella,36.11
Ascomycota,Dothideomycetes,Lasiobotrys,36.11
Ascomycota,Dothideomycetes,Laterotheca,36.11
Ascomycota,Dothideomycetes,Lembosina,36.11
Ascomycota,Dothideomycetes,Leptosphaeria,36.11
Ascomycota,Dothideomycetes,Leptosphaerulina,36.11
Ascomycota,Dothideomycetes,Leptothyrium,36.14
Ascomycota,Dothideomycetes,Lichenopeltella,36.11
Ascomycota,Dothideomycetes,Limacinia,36.14
Ascomycota,Dothideomycetes,Lophidium,36.11
Ascomycota,Dothideomycetes,Lophiostoma,36.11
Ascomycota,Dothideomycetes,Lophiotrema,36.11
Ascomycota,Dothideomycetes,Lophium,36.11
Ascomycota,Dothideomycetes,Macrophoma,36.11
Ascomycota,Dothideomycetes,Macrosporium,36.11
Ascomycota,Dothideomycetes,Massaria,36.11
Ascomycota,Dothideomycetes,Massarina,36.11
Ascomycota,Dothideomycetes,Massariosphaeria,36.11
Ascomycota,Dothideomycetes,Melanomma,36.11
Ascomycota,Dothideomycetes,Meliolina,36.14
Ascomycota,Dothideomycetes,Metacapnodium,36.11
Ascomycota,Dothideomycetes,Metasphaeria,36.11
Ascomycota,Dothideomycetes,Micronectriella,36.11
Ascomycota,Dothideomycetes,Microthyriella,36.11
Ascomycota,Dothideomycetes,Microthyrium,36.11
Ascomycota,Dothideomycetes,Mycosphaerella,36.11
Ascomycota,Dothideomycetes,Myriangium,36.11
Ascomycota,Dothideomycetes,Mytilinidion,36.11
Ascomycota,Dothideomycetes,Neopeckia,36.11
Ascomycota,Dothideomycetes,Nodulosphaeria,36.11
Ascomycota,Dothideomycetes,Oedohysterium,36.11
Ascomycota,Dothideomycetes,Ophiobolus,36.11
Ascomycota,Dothideomycetes,Ostreola,36.11
Ascomycota,Dothideomycetes,Parodiopsis,36.11
Ascomycota,Dothideomycetes,Passalora,36.11
Ascomycota,Dothideomycetes,Patellaria,36.11
Ascomycota,Dothideomycetes,Periconia,36.11
Ascomycota,Dothideomycetes,Peyronellaea,36.11
Ascomycota,Dothideomycetes,Phaeocryptopus,36.11
Ascomycota,Dothideomycetes,Phaeosphaerella,36.11
Ascomycota,Dothideomycetes,Phaeosphaeria,36.11
Ascomycota,Dothideomycetes,Phloeospora,36.11
Ascomycota,Dothideomycetes,Phoma,36.11
Ascomycota,Dothideomycetes,Phyllachora,36.14
Ascomycota,Dothideomycetes,Phyllosticta,36.11
Ascomycota,Dothideomycetes,Piggotia,36.11
Ascomycota,Dothideomycetes,Pithomyces,36.11
Ascomycota,Dothideomycetes,Placosphaeria,36.11
Ascomycota,Dothideomycetes,Plectodiscella,36.11
Ascomycota,Dothideomycetes,Pleospora,36.11
Ascomycota,Dothideomycetes,Polythrincium,36.11
Ascomycota,Dothideomycetes,Prillieuxina,36.11
Ascomycota,Dothideomycetes,Pseudoplea,36.11
Ascomycota,Dothideomycetes,Pyrenochaeta,36.11
Ascomycota,Dothideomycetes,Pyrenophora,36.11
Ascomycota,Dothideomycetes,Ramularia,36.11
Ascomycota,Dothideomycetes,Rehmiellopsis,36.11
Ascomycota,Dothideomycetes,Rhagadolobium,36.11
Ascomycota,Dothideomycetes,Rhopographus,36.11
Ascomycota,Dothideomycetes,Rhytidhysteron,36.11
Ascomycota,Dothideomycetes,Sarcinella,36.11
Ascomycota,Dothideomycetes,Schizothyrium,36.11
Ascomycota,Dothideomycetes,Scirrhia,36.11
Ascomycota,Dothideomycetes,Scorias,36.11
Ascomycota,Dothideomycetes,Seifertia,36.11
Ascomycota,Dothideomycetes,Septonema,36.11
Ascomycota,Dothideomycetes,Septoria,36.11
Ascomycota,Dothideomycetes,Septoriella,36.11
Ascomycota,Dothideomycetes,Setomelanomma,36.11
Ascomycota,Dothideomycetes,Seuratia,36.11
Ascomycota,Dothideomycetes,Seynesiella,36.11
Ascomycota,Dothideomycetes,Sphaceloma,36.11
Ascomycota,Dothideomycetes,Sphaerella,36.11
Ascomycota,Dothideomycetes,Sphaeropsis,36.14
Ascomycota,Dothideomycetes,Sphaerulina,36.11
Ascomycota,Dothideomycetes,Spilocaea,36.11
Ascomycota,Dothideomycetes,Spondylocladium,36.14
Ascomycota,Dothideomycetes,Sporidesmium,36.11
Ascomycota,Dothideomycetes,Sporormiella,36.11
Ascomycota,Dothideomycetes,Stagonospora,36.11
Ascomycota,Dothideomycetes,Stemphylium,36.11
Ascomycota,Dothideomycetes,Stigmatea,36.11
Ascomycota,Dothideomycetes,Stomiopeltis,36.11
Ascomycota,Dothideomycetes,Stylodothis,36.11
Ascomycota,Dothideomycetes,Systremma,36.11
Ascomycota,Dothideomycetes,Taeniolella,36.11
Ascomycota,Dothideomycetes,Torula,36.14
Ascomycota,Dothideomycetes,Trichopeltheca,36.11
Ascomycota,Dothideomycetes,Troposporella,36.14
Ascomycota,Dothideomycetes,Tryblidiella,36.11
Ascomycota,Dothideomycetes,Tryblidiopsis,36.12
Ascomycota,Dothideomycetes,Tubeufia,36.11
Ascomycota,Dothideomycetes,Venturia,36.11
Ascomycota,Dothideomycetes,Vizella,36.11
Ascomycota,Dothideomycetes,Wiesneriomyces,36.14
Ascomycota,Dothideomycetes,Xenomeris,36.11
Ascomycota,Dothideomycetes,Xenosporium,36.11
Ascomycota,Dothideomycetes,Yoshinagella,36.11
Ascomycota,Eurotiomycetes,Arthroderma,36.11
Ascomycota,Eurotiomycetes,Aspergillus,36.11
Ascomycota,Eurotiomycetes,Berlesiella,36.11
Ascomycota,Eurotiomycetes,Caliciopsis,36.11
Ascomycota,Eurotiomycetes,Chaenothecopsis,36.11
Ascomycota,Eurotiomycetes,Chaetothyrium,36.11
Ascomycota,Eurotiomycetes,Coniosporium,36.11
Ascomycota,Eurotiomycetes,Elaphomyces,36.11
Ascomycota,Eurotiomycetes,Emericella,36.11
Ascomycota,Eurotiomycetes,Eurotiopsis,36.14
Ascomycota,Eurotiomycetes,Gymnoascus,36.11
Ascomycota,Eurotiomycetes,Herpotrichiella,36.11
Ascomycota,Eurotiomycetes,Microsporum,36.11
Ascomycota,Eurotiomycetes,Microtheliopsis,36.11
Ascomycota,Eurotiomycetes,Onygena,36.11
Ascomycota,Eurotiomycetes,Paecilomyces,36.11
Ascomycota,Eurotiomycetes,Penicillium,36.11
Ascomycota,Eurotiomycetes,Porothelium,36.11
Ascomycota,Eurotiomycetes,Thysanophora,36.11
Ascomycota,Eurotiomycetes,Trichomerium,36.11
Ascomycota,Geoglossomycetes,Corynetes,36.12
Ascomycota,Geoglossomycetes,Geoglossum,36.12
Ascomycota,Geoglossomycetes,Trichoglossum,36.12
Ascomycota,Incertae sedis,Bactridium,36.14
Ascomycota,Incertae sedis,Beltraniopsis,36.14
Ascomycota,Incertae sedis,Botryosporium,36.14
Ascomycota,Incertae sedis,Camaropycnis,36.14
Ascomycota,Incertae sedis,Candelabrum,36.14
Ascomycota,Incertae sedis,Ceratosporella,36.10
Ascomycota,Incertae sedis,Charomyces,36.14
Ascomycota,Incertae sedis,Ciliospora,36.14
Ascomycota,Incertae sedis,Cladoconidium,36.14
Ascomycota,Incertae sedis,Cryptocoryneum,36.14
Ascomycota,Incertae sedis,Cryptostroma,36.14
Ascomycota,Incertae sedis,Dearnessia,36.14
Ascomycota,Incertae sedis,Delortia,36.14
Ascomycota,Incertae sedis,Dicoccum,36.14
Ascomycota,Incertae sedis,Didymobotryum,36.14
Ascomycota,Incertae sedis,Didymosamarospora,36.14
Ascomycota,Incertae sedis,Didymosporium,36.14
Ascomycota,Incertae sedis,Diedickea,36.14
Ascomycota,Incertae sedis,Drepanospora,36.14
Ascomycota,Incertae sedis,Endophragmia,36.14
Ascomycota,Incertae sedis,Endostilbum,36.14
Ascomycota,Incertae sedis,Everhartia,36.14
Ascomycota,Incertae sedis,Exosporium,36.14
Ascomycota,Incertae sedis,Fusichalara,36.14
Ascomycota,Incertae sedis,Gyrothrix,36.14
Ascomycota,Incertae sedis,Hapalosphaeria,36.14
Ascomycota,Incertae sedis,Haplobasidion,36.14
Ascomycota,Incertae sedis,Harpographium,36.14
Ascomycota,Incertae sedis,Heterocephalum,36.14
Ascomycota,Incertae sedis,Hyphosoma,36.14
Ascomycota,Incertae sedis,Labrella,36.14
Ascomycota,Incertae sedis,Leptochlamys,36.14
Ascomycota,Incertae sedis,Leptostromella,36.14
Ascomycota,Incertae sedis,Leptothyrella,36.14
Ascomycota,Incertae sedis,Melanographium,36.14
Ascomycota,Incertae sedis,Monodictys,36.11
Ascomycota,Incertae sedis,Mystrosporium,36.14
Ascomycota,Incertae sedis,Myxosporium,36.14
Ascomycota,Incertae sedis,Neottiospora,36.14
Ascomycota,Incertae sedis,Phanerocorynella,36.14
Ascomycota,Incertae sedis,Phialophorophoma,36.14
Ascomycota,Incertae sedis,Phragmocephala,36.14
Ascomycota,Incertae sedis,Phragmotrichum,36.14
Ascomycota,Incertae sedis,Piricauda,36.14
Ascomycota,Incertae sedis,Podosporium,36.14
Ascomycota,Incertae sedis,Rhinotrichum,36.14
Ascomycota,Incertae sedis,Sclerotium,36.14
Ascomycota,Incertae sedis,Scolicotrichum,36.14
Ascomycota,Incertae sedis,Septosporium,36.14
Ascomycota,Incertae sedis,Spirospora,36.14
Ascomycota,Incertae sedis,Stachylidium,36.14
Ascomycota,Incertae sedis,Thyrsidium,36.11
Ascomycota,Incertae sedis,Triblidium,36.14
Ascomycota,Incertae sedis,Tricellula,36.14
Ascomycota,Incertae sedis,Trichopeltulum,36.14
Ascomycota,Incertae sedis,Volucrispora,36.14
Ascomycota,Lecanoromycetes,Asterothyrium,36.11
Ascomycota,Lecanoromycetes,Biatorella,36.11
Ascomycota,Lecanoromycetes,Chroodiscus,36.11
Ascomycota,Lecanoromycetes,Micropeltis,36.11
Ascomycota,Lecanoromycetes,Mycolecidia,36.11
Ascomycota,Lecanoromycetes,Porina,36.11
Ascomycota,Lecanoromycetes,Retinocyclus,36.11
Ascomycota,Lecanoromycetes,Schizoxylon,36.11
Ascomycota,Lecanoromycetes,Scolecopeltidium,36.11
Ascomycota,Lecanoromycetes,Scolecosporium,36.11
Ascomycota,Lecanoromycetes,Scutula,36.11
Ascomycota,Lecanoromycetes,Stictis,36.11
Ascomycota,Leotiomycetes,Alatospora,36.10
Ascomycota,Leotiomycetes,Albotricha,36.11
Ascomycota,Leotiomycetes,Apostemidium,36.11
Ascomycota,Leotiomycetes,Arachnopeziza,36.11
Ascomycota,Leotiomycetes,Ascocalyx,36.11
Ascomycota,Leotiomycetes,Ascocorticium,36.11
Ascomycota,Leotiomycetes,Ascocoryne,36.11
Ascomycota,Leotiomycetes,Ascocryne,36.11
Ascomycota,Leotiomycetes,Ascophanus,36.13
Ascomycota,Leotiomycetes,Asterobolus,36.11
Ascomycota,Leotiomycetes,Atropellis,36.11
Ascomycota,Leotiomycetes,Belonidium,36.11
Ascomycota,Leotiomycetes,Belonopsis,36.11
Ascomycota,Leotiomycetes,Bifusella,36.11
Ascomycota,Leotiomycetes,Bisporella,36.11
Ascomycota,Leotiomycetes,Bostrichonema,36.14
Ascomycota,Leotiomycetes,Bothrodiscus,36.12
Ascomycota,Leotiomycetes,Botryotinia,36.12
Ascomycota,Leotiomycetes,Botrytis,36.12
Ascomycota,Leotiomycetes,Bulgaria,36.12
Ascomycota,Leotiomycetes,Calloria,36.12
Ascomycota,Leotiomycetes,Capitotricha,36.12
Ascomycota,Leotiomycetes,Cenangium,36.12
Ascomycota,Leotiomycetes,Ceuthospora,36.12
Ascomycota,Leotiomycetes,Chlorociboria,36.12
Ascomycota,Leotiomycetes,Chlorosplenium,36.12
Ascomycota,Leotiomycetes,Ciboria,36.12
Ascomycota,Leotiomycetes,Ciborinia,36.12
Ascomycota,Leotiomycetes,Claussenomyces,36.12
Ascomycota,Leotiomycetes,Clithris,36.12
Ascomycota,Leotiomycetes,Coccomyces,36.12
Ascomycota,Leotiomycetes,Coccophacidium,36.12
Ascomycota,Leotiomycetes,Coccostromopsis,36.14
Ascomycota,Leotiomycetes,Colpoma,36.12
Ascomycota,Leotiomycetes,Coprotinia,36.12
Ascomycota,Leotiomycetes,Coryne,36.12
Ascomycota,Leotiomycetes,Cristulariella,36.12
Ascomycota,Leotiomycetes,Crocicreas,36.12
Ascomycota,Leotiomycetes,Cryptomyces,36.12
Ascomycota,Leotiomycetes,Cudonia,36.12
Ascomycota,Leotiomycetes,Cudoniella,36.12
Ascomycota,Leotiomycetes,Cylindrocolla,36.12
Ascomycota,Leotiomycetes,Cylindrosporium,36.12
Ascomycota,Leotiomycetes,Cylindrotrichum,36.14
Ascomycota,Leotiomycetes,Cyttaria,36.12
Ascomycota,Leotiomycetes,Dactylaria,36.12
Ascomycota,Leotiomycetes,Dasyscypha,36.12
Ascomycota,Leotiomycetes,Dasyscyphella,36.12
Ascomycota,Leotiomycetes,Dasyscyphus,36.12
Ascomycota,Leotiomycetes,Dematioscypha,36.12
Ascomycota,Leotiomycetes,Dencoeliopsis,36.12
Ascomycota,Leotiomycetes,Dendrostilbella,36.12
Ascomycota,Leotiomycetes,Dermatella,36.12
Ascomycota,Leotiomycetes,Dermea,36.12
Ascomycota,Leotiomycetes,Didymascella,36.12
Ascomycota,Leotiomycetes,Diplocarpon,36.12
Ascomycota,Leotiomycetes,Diplococcium,36.14
Ascomycota,Leotiomycetes,Diplorhinotrichum,36.12
Ascomycota,Leotiomycetes,Drepanopeziza,36.12
Ascomycota,Leotiomycetes,Durandiella,36.12
Ascomycota,Leotiomycetes,Durella,36.12
Ascomycota,Leotiomycetes,Echinella,36.12
Ascomycota,Leotiomycetes,Eleutheromyces,36.12
Ascomycota,Leotiomycetes,Elytroderma,36.12
Ascomycota,Leotiomycetes,Encoeliopsis,36.12
Ascomycota,Leotiomycetes,Erisyphe,36.12
Ascomycota,Leotiomycetes,Erysiphe,36.12
Ascomycota,Leotiomycetes,Fabraea,36.12
Ascomycota,Leotiomycetes,Gelatinodiscus,36.12
Ascomycota,Leotiomycetes,Gloeosporium,36.12
Ascomycota,Leotiomycetes,Godronia,36.12
Ascomycota,Leotiomycetes,Hainesia,36.12
Ascomycota,Leotiomycetes,Haplographium,36.12
Ascomycota,Leotiomycetes,Helotiella,36.12
Ascomycota,Leotiomycetes,Helotium,36.12
Ascomycota,Leotiomycetes,Helotium  [Orig. Phaeohelotium],36.12
Ascomycota,Leotiomycetes,Heteropatella,36.12
Ascomycota,Leotiomycetes,Heterosphaeria,36.12
Ascomycota,Leotiomycetes,Heyderia,36.12
Ascomycota,Leotiomycetes,Higginsia,36.12
Ascomycota,Leotiomycetes,Hyaloscypha,36.12
Ascomycota,Leotiomycetes,Hymenoscyphus,36.12
Ascomycota,Leotiomycetes,Hypocenia,36.12
Ascomycota,Leotiomycetes,Hypoderma,36.12
Ascomycota,Leotiomycetes,Hypodermella,36.12
Ascomycota,Leotiomycetes,Keithia,36.12
Ascomycota,Leotiomycetes,Kriegeria,35.06
Ascomycota,Leotiomycetes,Lachnella,36.12
Ascomycota,Leotiomycetes,Lachnellula,36.12
Ascomycota,Leotiomycetes,Lachnum,36.12
Ascomycota,Leotiomycetes,Lanzia,36.12
Ascomycota,Leotiomycetes,Lasiobelonium,36.12
Ascomycota,Leotiomycetes,Leotia,36.12
Ascomycota,Leotiomycetes,Leptostroma,36.12
Ascomycota,Leotiomycetes,Lophodermium,36.12
Ascomycota,Leotiomycetes,Macroderma,36.12
Ascomycota,Leotiomycetes,Malbranchea,36.11
Ascomycota,Leotiomycetes,Margaritispora,36.12
Ascomycota,Leotiomycetes,Marssonina,36.12
Ascomycota,Leotiomycetes,Mastigosporium,36.14
Ascomycota,Leotiomycetes,Melasmia,36.12
Ascomycota,Leotiomycetes,Microglossum,36.12
Ascomycota,Leotiomycetes,Microsphaera,36.12
Ascomycota,Leotiomycetes,Mitrula,36.12
Ascomycota,Leotiomycetes,Mollisia,36.12
Ascomycota,Leotiomycetes,Monilia,36.12
Ascomycota,Leotiomycetes,Monilinia,36.12
Ascomycota,Leotiomycetes,Myriosclerotinia,36.12
Ascomycota,Leotiomycetes,Myxotrichum,36.11
Ascomycota,Leotiomycetes,Neobulgaria,36.12
Ascomycota,Leotiomycetes,Neodasyscypha,36.12
Ascomycota,Leotiomycetes,Oidium,36.12
Ascomycota,Leotiomycetes,Ombrophila,36.12
Ascomycota,Leotiomycetes,Ovulinia,36.12
Ascomycota,Leotiomycetes,Patellariopsis,36.12
Ascomycota,Leotiomycetes,Perrotia,36.12
Ascomycota,Leotiomycetes,Pestalopezia,36.12
Ascomycota,Leotiomycetes,Pezicula,36.12
Ascomycota,Leotiomycetes,Pezizella,"36.12, 36.13"
Ascomycota,Leotiomycetes,Phacidium,36.12
Ascomycota,Leotiomycetes,Phaeangium,36.12
Ascomycota,Leotiomycetes,Phaeobulgaria,36.12
Ascomycota,Leotiomycetes,Phaeociboria,36.12
Ascomycota,Leotiomycetes,Phaeohelotium,36.12
Ascomycota,Leotiomycetes,Phialea,36.14
Ascomycota,Leotiomycetes,Phyllactinia,36.12
Ascomycota,Leotiomycetes,Pleurophragmium,36.14
Ascomycota,Leotiomycetes,Podosphaera,36.12
Ascomycota,Leotiomycetes,Polydesmia,36.12
Ascomycota,Leotiomycetes,Propolis,36.12
Ascomycota,Leotiomycetes,Pseudodiscosia,36.12
Ascomycota,Leotiomycetes,Pseudographium,36.14
Ascomycota,Leotiomycetes,Pseudopeziza,36.12
Ascomycota,Leotiomycetes,Pseudophacidium,36.12
Ascomycota,Leotiomycetes,Psilachnum,36.12
Ascomycota,Leotiomycetes,Pycnostysanus,36.11
Ascomycota,Leotiomycetes,Pyrenopeziza,36.12
Ascomycota,Leotiomycetes,Rhabdocline,36.12
Ascomycota,Leotiomycetes,Rhynchosporium,36.12
Ascomycota,Leotiomycetes,Rhytisma,36.12
Ascomycota,Leotiomycetes,Roeslerina,36.11
Ascomycota,Leotiomycetes,Rutstroemia,36.12
Ascomycota,Leotiomycetes,Sawadaea,36.12
Ascomycota,Leotiomycetes,Sclerotinia,36.12
Ascomycota,Leotiomycetes,Sorocybe,36.11
Ascomycota,Leotiomycetes,Spathularia,36.12
Ascomycota,Leotiomycetes,Sphaerographium,36.12
Ascomycota,Leotiomycetes,Sphaeronaema,36.14
Ascomycota,Leotiomycetes,Sphaerotheca,36.12
Ascomycota,Leotiomycetes,Spilopodia,36.12
Ascomycota,Leotiomycetes,Stamnaria,36.12
Ascomycota,Leotiomycetes,Tapesia,36.12
Ascomycota,Leotiomycetes,Thelebolus,36.12
Ascomycota,Leotiomycetes,Trichopeziza,36.12
Ascomycota,Leotiomycetes,Tricladium,36.12
Ascomycota,Leotiomycetes,Trimmatostroma,36.12
Ascomycota,Leotiomycetes,Triposporium,36.11
Ascomycota,Leotiomycetes,Trochila,36.12
Ascomycota,Leotiomycetes,Tympanis,36.12
Ascomycota,Leotiomycetes,Uncinula,36.12
Ascomycota,Leotiomycetes,Unguicularia,36.12
Ascomycota,Leotiomycetes,Unguiculariopsis,36.12
Ascomycota,Leotiomycetes,Unguiculella,36.12
Ascomycota,Leotiomycetes,Urceolella,36.12
Ascomycota,Leotiomycetes,Valdensia,36.13
Ascomycota,Leotiomycetes,Valdensinia,36.13
Ascomycota,Leotiomycetes,Varicosporium,36.13
Ascomycota,Leotiomycetes,Velutarina,36.13
Ascomycota,Leotiomycetes,Verpatinia,36.13
Ascomycota,Leotiomycetes,Vibrissea,36.13
Ascomycota,Neolectomycetes,Neolecta,36.12
Ascomycota,Orbiliomycetes,Arthrobotrys,36.13
Ascomycota,Orbiliomycetes,Dactylium,36.12
Ascomycota,Orbiliomycetes,Hyalorbilia,36.13
Ascomycota,Orbiliomycetes,Orbilia,36.13
Ascomycota,Pezizomycetes,Acetabula,36.13
Ascomycota,Pezizomycetes,Aleuria,36.13
Ascomycota,Pezizomycetes,Aleurina,36.13
Ascomycota,Pezizomycetes,Anthracobia,36.13
Ascomycota,Pezizomycetes,Ascobolus,36.13
Ascomycota,Pezizomycetes,Byssonectria,36.13
Ascomycota,Pezizomycetes,Caloscypha,36.13
Ascomycota,Pezizomycetes,Cheilymenia,36.13
Ascomycota,Pezizomycetes,Conoplea,36.13
Ascomycota,Pezizomycetes,Cookeina,36.13
Ascomycota,Pezizomycetes,Costantinella,36.13
Ascomycota,Pezizomycetes,Cyathipodia,36.13
Ascomycota,Pezizomycetes,Daleomyces,36.13
Ascomycota,Pezizomycetes,Discina,36.13
Ascomycota,Pezizomycetes,Galactinia,36.13
Ascomycota,Pezizomycetes,Geopora,36.13
Ascomycota,Pezizomycetes,Geopyxis,36.13
Ascomycota,Pezizomycetes,Gryromitra,36.13
Ascomycota,Pezizomycetes,Gyromitra,36.13
Ascomycota,Pezizomycetes,Helvella,36.13
Ascomycota,Pezizomycetes,Humaria,36.13
Ascomycota,Pezizomycetes,Humarina,36.13
Ascomycota,Pezizomycetes,Hydnotrya,36.13
Ascomycota,Pezizomycetes,Hydrnotrya,36.13
Ascomycota,Pezizomycetes,Iodophanus,36.13
Ascomycota,Pezizomycetes,Lachnea,36.13
Ascomycota,Pezizomycetes,Lamprospora,36.13
Ascomycota,Pezizomycetes,Lasiobolus,36.13
Ascomycota,Pezizomycetes,Leucangium,36.13
Ascomycota,Pezizomycetes,Marcelleina,36.13
Ascomycota,Pezizomycetes,Midotis,36.13
Ascomycota,Pezizomycetes,Mitrophora,36.12
Ascomycota,Pezizomycetes,Morchella,36.13
Ascomycota,Pezizomycetes,Neottiella,36.13
Ascomycota,Pezizomycetes,Neournula,36.13
Ascomycota,Pezizomycetes,Otidea,36.13
Ascomycota,Pezizomycetes,Otthia,36.11
Ascomycota,Pezizomycetes,Patella,36.13
Ascomycota,Pezizomycetes,Peziza,36.13
Ascomycota,Pezizomycetes,Pezizales?,36.13
Ascomycota,Pezizomycetes,Phillipsia,36.13
Ascomycota,Pezizomycetes,Picoa,36.13
Ascomycota,Pezizomycetes,Pithya,36.13
Ascomycota,Pezizomycetes,Plectania,36.13
Ascomycota,Pezizomycetes,Plicaria,36.13
Ascomycota,Pezizomycetes,Pseudombrophila,36.12
Ascomycota,Pezizomycetes,Pseudopithyella,36.13
Ascomycota,Pezizomycetes,Pseudoplectania,36.13
Ascomycota,Pezizomycetes,Pseudorhizina,36.13
Ascomycota,Pezizomycetes,Pulvinula,36.13
Ascomycota,Pezizomycetes,Pustularia,36.13
Ascomycota,Pezizomycetes,Pyronema,36.13
Ascomycota,Pezizomycetes,Rhizina,36.13
Ascomycota,Pezizomycetes,Saccobolus,36.13
Ascomycota,Pezizomycetes,Sarcoscypha,36.13
Ascomycota,Pezizomycetes,Sarcosoma,36.13
Ascomycota,Pezizomycetes,Sarcosphaera,36.13
Ascomycota,Pezizomycetes,Scodellina,36.13
Ascomycota,Pezizomycetes,Scutellinia,36.13
Ascomycota,Pezizomycetes,Sepultaria,36.13
Ascomycota,Pezizomycetes,Sowerbyella,36.13
Ascomycota,Pezizomycetes,Streptothrix,36.13
Ascomycota,Pezizomycetes,Strumella,36.13
Ascomycota,Pezizomycetes,Tarzetta,36.13
Ascomycota,Pezizomycetes,Terfezia,36.13
Ascomycota,Pezizomycetes,Tricharina,36.13
Ascomycota,Pezizomycetes,Trichophaea,36.13
Ascomycota,Pezizomycetes,Tuber,36.13
Ascomycota,Pezizomycetes,Urnula,36.13
Ascomycota,Pezizomycetes,Verpa,36.13
Ascomycota,Pezizomycetes,Wilcoxina,36.13
Ascomycota,Pezizomycetes,Wynnella,36.13
Ascomycota,Saccharomycetes,Dipodascus,36.13
Ascomycota,Sordariomycetes,Acanthonitschkea,36.13
Ascomycota,Sordariomycetes,Acanthorhynchus,36.13
Ascomycota,Sordariomycetes,Actinopelte,36.13
Ascomycota,Sordariomycetes,Allantonectria,36.13
Ascomycota,Sordariomycetes,Amazonia,36.13
Ascomycota,Sordariomycetes,Amphisphaeria,36.13
Ascomycota,Sordariomycetes,Angulimaya,36.13
Ascomycota,Sordariomycetes,Anisogramma,36.13
Ascomycota,Sordariomycetes,Anthostoma,36.13
Ascomycota,Sordariomycetes,Anthostomella,36.13
Ascomycota,Sordariomycetes,Apiocrea,36.13
Ascomycota,Sordariomycetes,Apiognomonia,36.13
Ascomycota,Sordariomycetes,Apioporthe,36.13
Ascomycota,Sordariomycetes,Arthrinium,36.13
Ascomycota,Sordariomycetes,Arthrinum,36.13
Ascomycota,Sordariomycetes,Aschersonia,36.13
Ascomycota,Sordariomycetes,Atkinsonella,36.13
Ascomycota,Sordariomycetes,Balansia,36.13
Ascomycota,Sordariomycetes,Beauveria,36.13
Ascomycota,Sordariomycetes,Beltrania,36.13
Ascomycota,Sordariomycetes,Bertia,36.13
Ascomycota,Sordariomycetes,Blistum,36.13
Ascomycota,Sordariomycetes,Bolinia,36.13
Ascomycota,Sordariomycetes,Bombardia,36.13
Ascomycota,Sordariomycetes,Botryotrichum,36.13
Ascomycota,Sordariomycetes,Brachysporium,36.13
Ascomycota,Sordariomycetes,Calcarisporium,36.13
Ascomycota,Sordariomycetes,Calonectria,36.13
Ascomycota,Sordariomycetes,Calosphaeria,36.13
Ascomycota,Sordariomycetes,Camillea,36.13
Ascomycota,Sordariomycetes,Catacauma,36.13
Ascomycota,Sordariomycetes,Cephalosporium,36.13
Ascomycota,Sordariomycetes,Cephalothecium,36.13
Ascomycota,Sordariomycetes,Ceratocystis,36.13
Ascomycota,Sordariomycetes,Ceratosporium,36.13
Ascomycota,Sordariomycetes,Ceratostomella,36.13
Ascomycota,Sordariomycetes,Ceriosporopsis,36.13
Ascomycota,Sordariomycetes,Chaetomium,36.13
Ascomycota,Sordariomycetes,Chaetosphaeria,36.13
Ascomycota,Sordariomycetes,Chloridium,36.13
Ascomycota,Sordariomycetes,Chromocrea,36.13
Ascomycota,Sordariomycetes,Cirrenalia,34.10?-BlueBoxes
Ascomycota,Sordariomycetes,Cladobotryum,36.14
Ascomycota,Sordariomycetes,Clasterosporium,36.14
Ascomycota,Sordariomycetes,Claviceps,36.14
Ascomycota,Sordariomycetes,Clethridium,36.14
Ascomycota,Sordariomycetes,Colletotrichum,36.14
Ascomycota,Sordariomycetes,Coniella,36.14
Ascomycota,Sordariomycetes,Coniochaeta,36.14
Ascomycota,Sordariomycetes,Cordana,36.14
Ascomycota,Sordariomycetes,Cordyceps,36.14
Ascomycota,Sordariomycetes,Corollospora,"34.10?-BlueBoxes, 36.14"
Ascomycota,Sordariomycetes,Coronophora,36.14
Ascomycota,Sordariomycetes,Coryneum,36.14
Ascomycota,Sordariomycetes,Creonectria,36.14
Ascomycota,Sordariomycetes,Cryptodiaporthe,36.14
Ascomycota,Sordariomycetes,Cryptomycina,36.14
Ascomycota,Sordariomycetes,Cryptosphaerella,36.14
Ascomycota,Sordariomycetes,Cryptosphaeria,36.14
Ascomycota,Sordariomycetes,Cryptospora,36.14
Ascomycota,Sordariomycetes,Cryptosporella,36.14
Ascomycota,Sordariomycetes,Cryptostictis,36.14
Ascomycota,Sordariomycetes,Crytosphaerella,36.14
Ascomycota,Sordariomycetes,Culcitalna,36.14
Ascomycota,Sordariomycetes,Cylindrocarpon,36.14
Ascomycota,Sordariomycetes,Cylindrosporella,36.14
Ascomycota,Sordariomycetes,Cytospora,36.14
Ascomycota,Sordariomycetes,Daldinia,36.14
Ascomycota,Sordariomycetes,Dialonectria,36.14
Ascomycota,Sordariomycetes,Diaporthe,36.14
Ascomycota,Sordariomycetes,Diatrype,36.14
Ascomycota,Sordariomycetes,Diatrypella,36.14
Ascomycota,Sordariomycetes,Dictyochaeta,36.14
Ascomycota,Sordariomycetes,Didymostilbe,36.14
Ascomycota,Sordariomycetes,Dinemasporium,36.14
Ascomycota,Sordariomycetes,Diplocladium,36.14
Ascomycota,Sordariomycetes,Diplodina,36.14
Ascomycota,Sordariomycetes,Discula,36.14
Ascomycota,Sordariomycetes,Doratomyces,36.14
Ascomycota,Sordariomycetes,Echinobotryum,36.14
Ascomycota,Sordariomycetes,Elaphocordyceps,36.14
Ascomycota,Sordariomycetes,Endocalyx,36.14
Ascomycota,Sordariomycetes,Endodothella,36.14
Ascomycota,Sordariomycetes,Endothia,36.14
Ascomycota,Sordariomycetes,Entonaema,36.14
Ascomycota,Sordariomycetes,Ephelis,36.14
Ascomycota,Sordariomycetes,Epichloe,36.14
Ascomycota,Sordariomycetes,Erikssonia,36.14
Ascomycota,Sordariomycetes,Eutypa,36.14
Ascomycota,Sordariomycetes,Eutypella,36.14
Ascomycota,Sordariomycetes,Fracchiaea,36.14
Ascomycota,Sordariomycetes,Fragosphaeria,36.14
Ascomycota,Sordariomycetes,Fusarium,36.14
Ascomycota,Sordariomycetes,Gibberella,36.14
Ascomycota,Sordariomycetes,Gibellula,36.14
Ascomycota,Sordariomycetes,Gliocladium,36.14
Ascomycota,Sordariomycetes,Gliomastix,36.14
Ascomycota,Sordariomycetes,Glomerella,36.14
Ascomycota,Sordariomycetes,Gnomonia,36.14
Ascomycota,Sordariomycetes,Gnomoniella,36.14
Ascomycota,Sordariomycetes,Gonytrichum,36.14
Ascomycota,Sordariomycetes,Graphium,36.14
Ascomycota,Sordariomycetes,Hadrotrichum,36.14
Ascomycota,Sordariomycetes,Haligena,34.10?-BlueBoxes
Ascomycota,Sordariomycetes,Halosphaeria,"34.10?-BlueBoxes, 36.14"
Ascomycota,Sordariomycetes,Helminthosphaeria,36.14
Ascomycota,Sordariomycetes,Humicola,36.14
Ascomycota,Sordariomycetes,Hymenostilbe,36.14
Ascomycota,Sordariomycetes,Hypocopra,36.14
Ascomycota,Sordariomycetes,Hypocrea,36.14
Ascomycota,Sordariomycetes,Hypomyces,36.14
Ascomycota,Sordariomycetes,Hypoxylon,36.14
Ascomycota,Sordariomycetes,Hypoxylum,36.14
Ascomycota,Sordariomycetes,Illosporium,36.14
Ascomycota,Sordariomycetes,Isaria,36.14
Ascomycota,Sordariomycetes,Kernia,36.14
Ascomycota,Sordariomycetes,Kretzschmaria,36.14
Ascomycota,Sordariomycetes,Laestadia,36.14
Ascomycota,Sordariomycetes,Lasiosphaeria,36.14
Ascomycota,Sordariomycetes,Leiosphaerella,36.14
Ascomycota,Sordariomycetes,Libertella,36.14
Ascomycota,Sordariomycetes,Lignincola,36.14
Ascomycota,Sordariomycetes,Linospora,36.14
Ascomycota,Sordariomycetes,Lopadostoma,36.14
Ascomycota,Sordariomycetes,Lophotrichus,36.14
Ascomycota,Sordariomycetes,Lulworthia,"34.10?-BlueBoxes, prep room"
Ascomycota,Sordariomycetes,Mamianiella,36.14
Ascomycota,Sordariomycetes,Massariella,prep room
Ascomycota,Sordariomycetes,Melanconiella,36.14
Ascomycota,Sordariomycetes,Melanconis,36.14
Ascomycota,Sordariomycetes,Melanconium,36.14
Ascomycota,Sordariomycetes,Melanospora,36.14
Ascomycota,Sordariomycetes,Meliola,36.14
Ascomycota,Sordariomycetes,Melomastia,36.14
Ascomycota,Sordariomycetes,Menispora,36.14
Ascomycota,Sordariomycetes,Mesobotrys,36.14
Ascomycota,Sordariomycetes,Metarrhizium,36.14
Ascomycota,Sordariomycetes,Microcera,36.14
Ascomycota,Sordariomycetes,Monochaetia,36.14
Ascomycota,Sordariomycetes,Mycogone,36.14
Ascomycota,Sordariomycetes,Myrothecium,36.14
Ascomycota,Sordariomycetes,Myxormia,36.14
Ascomycota,Sordariomycetes,Naemospora,36.14
Ascomycota,Sordariomycetes,Nectria,36.14
Ascomycota,Sordariomycetes,Nectriella,36.14
Ascomycota,Sordariomycetes,Nectriopsis,36.14
Ascomycota,Sordariomycetes,Nemania,36.14
Ascomycota,Sordariomycetes,Niessia,36.14
Ascomycota,Sordariomycetes,Nigrospora,36.14
Ascomycota,Sordariomycetes,Nitschkia,36.14
Ascomycota,Sordariomycetes,Nodulisporium,36.14
Ascomycota,Sordariomycetes,Nummularia,36.14
Ascomycota,Sordariomycetes,Ophiodothella,36.14
Ascomycota,Sordariomycetes,Ophionectria,36.14
Ascomycota,Sordariomycetes,Papulaspora,"36.14, 34.10?-BlueBoxes"
Ascomycota,Sordariomycetes,Papulospora,34.10?-BlueBoxes
Ascomycota,Sordariomycetes,Peckiella,36.14
Ascomycota,Sordariomycetes,Pestalotia,36.14
Ascomycota,Sordariomycetes,Phaeochora,36.14
Ascomycota,Sordariomycetes,Phaeoisaria,36.14
Ascomycota,Sordariomycetes,Phaeostalagmus,36.14
Ascomycota,Sordariomycetes,Phibalis,36.12
Ascomycota,Sordariomycetes,Phomatospora,36.14
Ascomycota,Sordariomycetes,Phomopsis,36.14
Ascomycota,Sordariomycetes,Physalospora,36.14
Ascomycota,Sordariomycetes,Pleurocolla,36.14
Ascomycota,Sordariomycetes,Pleurothecium,36.14
Ascomycota,Sordariomycetes,Podostroma,36.14
Ascomycota,Sordariomycetes,Polystigma,36.14
Ascomycota,Sordariomycetes,Poronia,36.14
Ascomycota,Sordariomycetes,Protocrea,36.14
Ascomycota,Sordariomycetes,Pyricularia,36.14
Ascomycota,Sordariomycetes,Quaternaria,36.14
Ascomycota,Sordariomycetes,Remispora,36.14
Ascomycota,Sordariomycetes,Rosellinia,36.14
Ascomycota,Sordariomycetes,Scoleconectria,36.14
Ascomycota,Sordariomycetes,Scopulariopsis,"36.14, 34.10?-BlueBoxes"
Ascomycota,Sordariomycetes,Scortechinia,36.14
Ascomycota,Sordariomycetes,Seimatosporium,36.14
Ascomycota,Sordariomycetes,Sepedonium,36.14
Ascomycota,Sordariomycetes,Serenomyces,36.14
Ascomycota,Sordariomycetes,Sordaria,36.14
Ascomycota,Sordariomycetes,Spadicoides,36.14
Ascomycota,Sordariomycetes,Sphaeroderma,36.14
Ascomycota,Sordariomycetes,Sporoschisma,36.14
Ascomycota,Sordariomycetes,Stachybotrys,"34.10?-BlueBoxes, 36.14"
Ascomycota,Sordariomycetes,Stegonsporium,36.11
Ascomycota,Sordariomycetes,Stilbella,36.14
Ascomycota,Sordariomycetes,Strickeria,36.14
Ascomycota,Sordariomycetes,Stysanus,"36.14, 34.10?-BlueBoxes"
Ascomycota,Sordariomycetes,Thielaviopsis,36.14
Ascomycota,Sordariomycetes,Thyronectria,36.14
Ascomycota,Sordariomycetes,Torpedospora,36.14
Ascomycota,Sordariomycetes,Trichocladium,36.14
Ascomycota,Sordariomycetes,Trichoderma,36.14
Ascomycota,Sordariomycetes,Trichosphaeria,36.14
Ascomycota,Sordariomycetes,Trichothecium,36.14
Ascomycota,Sordariomycetes,Tripterospora,36.14
Ascomycota,Sordariomycetes,Truncatella,36.14
Ascomycota,Sordariomycetes,Tubercularia,36.14
Ascomycota,Sordariomycetes,Typhodium,36.14
Ascomycota,Sordariomycetes,Ustulina,36.14
Ascomycota,Sordariomycetes,Valsa,36.14
Ascomycota,Sordariomycetes,Vermicularia,36.14
Ascomycota,Sordariomycetes,Verticillium,36.14
Ascomycota,Sordariomycetes,Virgaria,36.14
Ascomycota,Sordariomycetes,Volutella,36.14
Ascomycota,Sordariomycetes,Wallrothiella,36.14
Ascomycota,Sordariomycetes,Xylaria,36.14
Ascomycota,Sordariomycetes,Zalerion,"36.14, 34.10?-BlueBoxes"
Ascomycota,Sordariomycetes,Zignoella,36.14
Ascomycota,Taphrinomycetes,Protomyces,36.14
Ascomycota,Taphrinomycetes,Taphridium,36.14
Ascomycota,Taphrinomycetes,Taphrina,"36.14, 36.15, 36.16, 36.17, 36.18, 36.19, 36.2, 36.21, 36.22, 36.23, 36.24, 36.25, 36.26, 36.27, 36.28, 36.29, 36.3, 36.31, 36.32, 36.33, 36.34, 36.35, 36.36, 36.37, 36.38, 36.41, 36.42, 36.43, 36.44, 36.45, 36.46, 36.47, 36.48, 36.49, 36.39, 36.4"
Bacteria,"""Actinomycetes""",Frankiella,34.10
Basidiomycota,Agaricomycetes,Abortiporus,34.12
Basidiomycota,Agaricomycetes,Acanthophysellum,34.12
Basidiomycota,Agaricomycetes,Acladium,34.12
Basidiomycota,Agaricomycetes,Agaricus,34.12
Basidiomycota,Agaricomycetes,Agrocybe,34.12
Basidiomycota,Agaricomycetes,Albatrellus,34.12
Basidiomycota,Agaricomycetes,Alboleptonia,34.12
Basidiomycota,Agaricomycetes,Aleurocorticium,34.12
Basidiomycota,Agaricomycetes,Aleurocystidiellum,34.12
Basidiomycota,Agaricomycetes,Aleurodiscus,34.12
Basidiomycota,Agaricomycetes,Aleuroduscus,34.12
Basidiomycota,Agaricomycetes,Alloclavaria,34.12
Basidiomycota,Agaricomycetes,Alnicola,34.12
Basidiomycota,Agaricomycetes,Alnicola Or Galerina,34.12
Basidiomycota,Agaricomycetes,Alpova,34.12
Basidiomycota,Agaricomycetes,Amanita,34.12
Basidiomycota,Agaricomycetes,Amanitopsis,34.12
Basidiomycota,Agaricomycetes,Amantia,34.12
Basidiomycota,Agaricomycetes,Amphinema,34.12
Basidiomycota,Agaricomycetes,Ampulloclitocybe,34.15
Basidiomycota,Agaricomycetes,Amyloporia,34.12
Basidiomycota,Agaricomycetes,Anthracophyllum,34.12
Basidiomycota,Agaricomycetes,Antrodia,34.12
Basidiomycota,Agaricomycetes,Antrodiella,34.12
Basidiomycota,Agaricomycetes,Aphelaria,34.12
Basidiomycota,Agaricomycetes,Aphroditeola,34.12
Basidiomycota,Agaricomycetes,Apioperdon,34.12
Basidiomycota,Agaricomycetes,Aporpium,34.12
Basidiomycota,Agaricomycetes,Armillaria,34.12
Basidiomycota,Agaricomycetes,Armillaria (Floccularia),34.12
Basidiomycota,Agaricomycetes,Armillariella,34.12
Basidiomycota,Agaricomycetes,Arrhenia,34.14
Basidiomycota,Agaricomycetes,Asterodon,34.14
Basidiomycota,Agaricomycetes,Asterophora,34.14
Basidiomycota,Agaricomycetes,Asterostroma,34.14
Basidiomycota,Agaricomycetes,Astraeus,34.14
Basidiomycota,Agaricomycetes,Athelia,34.14
Basidiomycota,Agaricomycetes,Athelidium,34.14
Basidiomycota,Agaricomycetes,Atheniella,34.14
Basidiomycota,Agaricomycetes,Aureoboletus,34.14
Basidiomycota,Agaricomycetes,Auricularia,34.14
Basidiomycota,Agaricomycetes,Aurificaria,34.14
Basidiomycota,Agaricomycetes,Auriscalpium,34.14
Basidiomycota,Agaricomycetes,Baeospora,34.14
Basidiomycota,Agaricomycetes,Bankera,34.14
Basidiomycota,Agaricomycetes,Basidiodendron,34.14
Basidiomycota,Agaricomycetes,Basidioradulum,34.14
Basidiomycota,Agaricomycetes,Battarraea,34.14
Basidiomycota,Agaricomycetes,Battarrea,34.14
Basidiomycota,Agaricomycetes,Bjerkandera,34.14
Basidiomycota,Agaricomycetes,Bolbitius,34.14
Basidiomycota,Agaricomycetes,Boletellus,34.14
Basidiomycota,Agaricomycetes,Boletinus,34.14
Basidiomycota,Agaricomycetes,Boletopsis,34.14
Basidiomycota,Agaricomycetes,Boletus,34.14
Basidiomycota,Agaricomycetes,Bondarzewia,34.14
Basidiomycota,Agaricomycetes,Botryobasidium,34.14
Basidiomycota,Agaricomycetes,Botryohypochnus,34.14
Basidiomycota,Agaricomycetes,Bourdotia,34.14
Basidiomycota,Agaricomycetes,Bovista,34.14
Basidiomycota,Agaricomycetes,Bovistella,34.14
Basidiomycota,Agaricomycetes,Brauniellula,34.14
Basidiomycota,Agaricomycetes,Burgoa,34.14
Basidiomycota,Agaricomycetes,Calathella,34.14
Basidiomycota,Agaricomycetes,Calbovista,34.14
Basidiomycota,Agaricomycetes,Caldesiella,34.14
Basidiomycota,Agaricomycetes,Callistosporium,34.14
Basidiomycota,Agaricomycetes,Caloboletus,34.14
Basidiomycota,Agaricomycetes,Calocybe,34.14
Basidiomycota,Agaricomycetes,Calodon,34.14
Basidiomycota,Agaricomycetes,Calostoma,34.14
Basidiomycota,Agaricomycetes,Calvatia,34.14
Basidiomycota,Agaricomycetes,Calyptella,34.14
Basidiomycota,Agaricomycetes,Camarophyllopsis,34.14
Basidiomycota,Agaricomycetes,Camarophyllus,34.14
Basidiomycota,Agaricomycetes,Campanella,34.14
Basidiomycota,Agaricomycetes,Cantharellopsis,34.14
Basidiomycota,Agaricomycetes,Cantharellula,34.14
Basidiomycota,Agaricomycetes,Cantharellus,34.15
Basidiomycota,Agaricomycetes,Cantharocybe,34.15
Basidiomycota,Agaricomycetes,Catathelasma,34.15
Basidiomycota,Agaricomycetes,Ceraceomerulius,34.15
Basidiomycota,Agaricomycetes,Ceraceomyces,34.15
Basidiomycota,Agaricomycetes,Ceratobasidium,34.15
Basidiomycota,Agaricomycetes,Ceriporia,34.15
Basidiomycota,Agaricomycetes,Ceriporiopsis,34.15
Basidiomycota,Agaricomycetes,Cerrena,34.15
Basidiomycota,Agaricomycetes,Chaetoporus,34.15
Basidiomycota,Agaricomycetes,Chaetospermum,34.15
Basidiomycota,Agaricomycetes,Chalciporus,34.15
Basidiomycota,Agaricomycetes,Chamonixia,34.15
Basidiomycota,Agaricomycetes,Cheimonophyllum,34.15
Basidiomycota,Agaricomycetes,Chlamydopus,34.15
Basidiomycota,Agaricomycetes,Chlorophyllum,34.15
Basidiomycota,Agaricomycetes,Chondrostereum,34.15
Basidiomycota,Agaricomycetes,Chromosera,34.15
Basidiomycota,Agaricomycetes,Chroogomphus,34.15
Basidiomycota,Agaricomycetes,Chrysomphalina,34.15
Basidiomycota,Agaricomycetes,Cinereomyces,34.15
Basidiomycota,Agaricomycetes,Claudopus,34.15
Basidiomycota,Agaricomycetes,Clavaria,34.15
Basidiomycota,Agaricomycetes,Clavariadelphus,34.15
Basidiomycota,Agaricomycetes,Clavicorona,34.15
Basidiomycota,Agaricomycetes,Clavulina,34.15
Basidiomycota,Agaricomycetes,Clavulinopsis,34.15
Basidiomycota,Agaricomycetes,Climacocystis,34.15
Basidiomycota,Agaricomycetes,Clitocybe,34.15
Basidiomycota,Agaricomycetes,Clitocybula,34.16
Basidiomycota,Agaricomycetes,Clitopilus,34.16
Basidiomycota,Agaricomycetes,Collybia,34.16
Basidiomycota,Agaricomycetes,Coltricia,34.16
Basidiomycota,Agaricomycetes,Columnocystis,34.16
Basidiomycota,Agaricomycetes,Confertobasidium,34.16
Basidiomycota,Agaricomycetes,Coniophora,34.16
Basidiomycota,Agaricomycetes,Connopus,34.16
Basidiomycota,Agaricomycetes,Conocybe,34.16
Basidiomycota,Agaricomycetes,Conocybe / Psilocybe,34.16
Basidiomycota,Agaricomycetes,Coprinellus,34.16
Basidiomycota,Agaricomycetes,Coprinellus [Was Cortinarius],34.16
Basidiomycota,Agaricomycetes,Coprinopsis,34.16
Basidiomycota,Agaricomycetes,Coprinus,34.16
Basidiomycota,Agaricomycetes,Coriolellus,34.16
Basidiomycota,Agaricomycetes,Coriolus,34.16
Basidiomycota,Agaricomycetes,Corticium,34.16
Basidiomycota,Agaricomycetes,Cortinarius,"34.18, 34.16, 34.17"
Basidiomycota,Agaricomycetes,Cortinarius Sp. Subgenus Telamonia,34.18
Basidiomycota,Agaricomycetes,Cotylidia,34.18
Basidiomycota,Agaricomycetes,Craterellus,34.18
Basidiomycota,Agaricomycetes,Craterocolla,34.18
Basidiomycota,Agaricomycetes,Crepidotus,34.18
Basidiomycota,Agaricomycetes,Crinipellis,34.18
Basidiomycota,Agaricomycetes,Cristella,34.18
Basidiomycota,Agaricomycetes,Cristinia,34.18
Basidiomycota,Agaricomycetes,Crucibulum,34.18
Basidiomycota,Agaricomycetes,Crustomyces,34.18
Basidiomycota,Agaricomycetes,Cryptochaete,34.18
Basidiomycota,Agaricomycetes,Cryptoporus,34.18
Basidiomycota,Agaricomycetes,Cuphophyllus,34.18
Basidiomycota,Agaricomycetes,Cyathicula,34.17
Basidiomycota,Agaricomycetes,Cyathus,34.18
Basidiomycota,Agaricomycetes,Cyclocybe,34.18
Basidiomycota,Agaricomycetes,Cycloderma,34.18
Basidiomycota,Agaricomycetes,Cylindrobasidium,34.18
Basidiomycota,Agaricomycetes,Cymatoderma,34.18
Basidiomycota,Agaricomycetes,Cyphella,34.18
Basidiomycota,Agaricomycetes,Cyphellopsis,34.18
Basidiomycota,Agaricomycetes,Cyphellostereum,34.18
Basidiomycota,Agaricomycetes,Cystoderma,34.18
Basidiomycota,Agaricomycetes,Cystodermella,34.18
Basidiomycota,Agaricomycetes,Cystolepiota,34.18
Basidiomycota,Agaricomycetes,Cytidia,34.18
Basidiomycota,Agaricomycetes,Dacryobolus,34.18
Basidiomycota,Agaricomycetes,Daedalea,34.18
Basidiomycota,Agaricomycetes,Daedaleopsis,34.18
Basidiomycota,Agaricomycetes,Datronia,34.18
Basidiomycota,Agaricomycetes,Deconica,34.18
Basidiomycota,Agaricomycetes,Deflexula,34.18
Basidiomycota,Agaricomycetes,Delicatula,34.18
Basidiomycota,Agaricomycetes,Dendrocollybia,34.18
Basidiomycota,Agaricomycetes,Dendrothele,34.18
Basidiomycota,Agaricomycetes,Dentinum,34.18
Basidiomycota,Agaricomycetes,Dermocybe,34.19
Basidiomycota,Agaricomycetes,Dermoloma,34.19
Basidiomycota,Agaricomycetes,Dichostereum,34.19
Basidiomycota,Agaricomycetes,Dictyopanus,34.19
Basidiomycota,Agaricomycetes,Dictyophora,34.19
Basidiomycota,Agaricomycetes,Disciseda,34.19
Basidiomycota,Agaricomycetes,Ductifera,34.19
Basidiomycota,Agaricomycetes,Earliella,34.19
Basidiomycota,Agaricomycetes,Echinoderma,34.19
Basidiomycota,Agaricomycetes,Echinodontium,34.19
Basidiomycota,Agaricomycetes,Efibulobasidium,36.14
Basidiomycota,Agaricomycetes,Eicheriella,34.19
Basidiomycota,Agaricomycetes,Eichieriella,34.19
Basidiomycota,Agaricomycetes,Eichleriella,34.19
Basidiomycota,Agaricomycetes,Endoptychum,34.19
Basidiomycota,Agaricomycetes,Entololma,34.19
Basidiomycota,Agaricomycetes,Entoloma,34.19
Basidiomycota,Agaricomycetes,Entoloma / Nolanea,34.19
Basidiomycota,Agaricomycetes,Entomocorticium,34.19
Basidiomycota,Agaricomycetes,Epithele,34.19
Basidiomycota,Agaricomycetes,Erythricium,34.19
Basidiomycota,Agaricomycetes,Exidia,34.19
Basidiomycota,Agaricomycetes,Exidiopsis,34.19
Basidiomycota,Agaricomycetes,Favolus,34.19
Basidiomycota,Agaricomycetes,Fayodia,34.19
Basidiomycota,Agaricomycetes,Fibroporia,34.19
Basidiomycota,Agaricomycetes,Fibulomyces,34.19
Basidiomycota,Agaricomycetes,Fistulina,34.19
Basidiomycota,Agaricomycetes,Flagelloscypha,34.19
Basidiomycota,Agaricomycetes,Flammula,34.19
Basidiomycota,Agaricomycetes,Flammulaster,34.19
Basidiomycota,Agaricomycetes,Flammulina,34.19
Basidiomycota,Agaricomycetes,Floccularia,34.19
Basidiomycota,Agaricomycetes,Fomes,34.19-34.20
Basidiomycota,Agaricomycetes,Fomitopsis,34.2
Basidiomycota,Agaricomycetes,Fuscoboletinus,34.2
Basidiomycota,Agaricomycetes,Fuscoporia,34.2
Basidiomycota,Agaricomycetes,Galera,34.2
Basidiomycota,Agaricomycetes,Galerina,34.2
Basidiomycota,Agaricomycetes,Galzinia,34.2
Basidiomycota,Agaricomycetes,Ganoderma,34.2
Basidiomycota,Agaricomycetes,Gastroboletus,34.2
Basidiomycota,Agaricomycetes,Gautieria,34.2
Basidiomycota,Agaricomycetes,Geastrum,34.2
Basidiomycota,Agaricomycetes,Gerronema,34.2
Basidiomycota,Agaricomycetes,Gloeocystidiellum,34.2
Basidiomycota,Agaricomycetes,Gloeohypochnicium,34.2
Basidiomycota,Agaricomycetes,Gloeophyllum,34.2
Basidiomycota,Agaricomycetes,Gloeoporus,34.2
Basidiomycota,Agaricomycetes,Gloeotromera,34.2
Basidiomycota,Agaricomycetes,Gloeotulasnella,34.2
Basidiomycota,Agaricomycetes,Gloiocephala,34.2
Basidiomycota,Agaricomycetes,Gloiocephhala,34.2
Basidiomycota,Agaricomycetes,Gomphidius,34.2
Basidiomycota,Agaricomycetes,Gomphus,34.2
Basidiomycota,Agaricomycetes,Grandinia,34.2
Basidiomycota,Agaricomycetes,Grifola,34.2
Basidiomycota,Agaricomycetes,Guepinia,34.2
Basidiomycota,Agaricomycetes,Gymnomyces,34.2
Basidiomycota,Agaricomycetes,Gymnophilus,34.2
Basidiomycota,Agaricomycetes,Gymnopilus,34.2
Basidiomycota,Agaricomycetes,Gymnopilus [Was Gymnopus],34.2
Basidiomycota,Agaricomycetes,Gymnopus,34.2
Basidiomycota,Agaricomycetes,Gyrodon,34.2
Basidiomycota,Agaricomycetes,Gyrophana,34.2
Basidiomycota,Agaricomycetes,Gyroporus,34.2
Basidiomycota,Agaricomycetes,Handkea,34.2
Basidiomycota,Agaricomycetes,Hapalopilus,34.2
Basidiomycota,Agaricomycetes,Haploporus,34.2
Basidiomycota,Agaricomycetes,Haplotrichum,34.12
Basidiomycota,Agaricomycetes,Haricium,34.2
Basidiomycota,Agaricomycetes,Hebeloma,34.2
Basidiomycota,Agaricomycetes,Hemimycena,34.2
Basidiomycota,Agaricomycetes,Henningsomyces,34.2
Basidiomycota,Agaricomycetes,Hericium,34.2
Basidiomycota,Agaricomycetes,Heterobasidion,34.21
Basidiomycota,Agaricomycetes,Heterochaete,34.21
Basidiomycota,Agaricomycetes,Heterochaetella,34.21
Basidiomycota,Agaricomycetes,Hexagonia,34.21
Basidiomycota,Agaricomycetes,Hirschioporus,34.21
Basidiomycota,Agaricomycetes,Hohenbuehelia,34.21
Basidiomycota,Agaricomycetes,Hydnangium,34.21
Basidiomycota,Agaricomycetes,Hydnellum,34.21
Basidiomycota,Agaricomycetes,Hydnochaete,34.21
Basidiomycota,Agaricomycetes,Hydnum,34.21
Basidiomycota,Agaricomycetes,Hydropus,34.21
Basidiomycota,Agaricomycetes,Hygrocybe,34.21
Basidiomycota,Agaricomycetes,Hygrophoropsis,34.21
Basidiomycota,Agaricomycetes,Hygrophorus,34.21
Basidiomycota,Agaricomycetes,Hygrotrama,34.21
Basidiomycota,Agaricomycetes,Hymenochaete,34.21
Basidiomycota,Agaricomycetes,Hymenogaster,34.21
Basidiomycota,Agaricomycetes,Hyphoderma,"34.21, 34.24"
Basidiomycota,Agaricomycetes,Hyphodermella,34.21
Basidiomycota,Agaricomycetes,Hyphodontia,34.21
Basidiomycota,Agaricomycetes,Hypholoma,34.22
Basidiomycota,Agaricomycetes,Hypochnella,34.22
Basidiomycota,Agaricomycetes,Hypochnicium,34.22
Basidiomycota,Agaricomycetes,Hypsizygus,34.22
Basidiomycota,Agaricomycetes,Hysterangium,34.22
Basidiomycota,Agaricomycetes,Inocephallus,34.22
Basidiomycota,Agaricomycetes,Inocephalus,34.22
Basidiomycota,Agaricomycetes,Inocybe,"34.22, 34.24"
Basidiomycota,Agaricomycetes,Inonotus,34.24
Basidiomycota,Agaricomycetes,Irpex,34.24
Basidiomycota,Agaricomycetes,Irpicodon,34.24
Basidiomycota,Agaricomycetes,Ischnoderma,34.24
Basidiomycota,Agaricomycetes,Jaapia,34.24
Basidiomycota,Agaricomycetes,Jahnoporus,34.24
Basidiomycota,Agaricomycetes,Kuehneromyces,34.24
Basidiomycota,Agaricomycetes,Laccaria,"34.25, 34.24"
Basidiomycota,Agaricomycetes,Lachnella,"36.12, 34.25"
Basidiomycota,Agaricomycetes,Lachnocladium,34.25
Basidiomycota,Agaricomycetes,Lacrymaria,34.25
Basidiomycota,Agaricomycetes,Lactarius,34.25
Basidiomycota,Agaricomycetes,Laeticorticium,34.25
Basidiomycota,Agaricomycetes,Laetiporus,34.25
Basidiomycota,Agaricomycetes,Langermannia,34.25
Basidiomycota,Agaricomycetes,Laxitextum,34.25
Basidiomycota,Agaricomycetes,Leccinum,34.25
Basidiomycota,Agaricomycetes,Lentaria,34.25
Basidiomycota,Agaricomycetes,Lentinellus,34.25
Basidiomycota,Agaricomycetes,Lentinula,34.25
Basidiomycota,Agaricomycetes,Lentinus,34.26
Basidiomycota,Agaricomycetes,Lenzites,34.26
Basidiomycota,Agaricomycetes,Lepiota,34.26
Basidiomycota,Agaricomycetes,Lepista,34.26
Basidiomycota,Agaricomycetes,Leptonia,34.26
Basidiomycota,Agaricomycetes,Leptoporus,34.26
Basidiomycota,Agaricomycetes,Leratiomyces,34.26
Basidiomycota,Agaricomycetes,Leucoagaricus,34.26
Basidiomycota,Agaricomycetes,Leucocoprinus,34.26
Basidiomycota,Agaricomycetes,Leucocybe,34.26
Basidiomycota,Agaricomycetes,Leucogaster,34.26
Basidiomycota,Agaricomycetes,Leucopaxillus,34.26
Basidiomycota,Agaricomycetes,Leucopholiota,34.26
Basidiomycota,Agaricomycetes,Lichenomphalia,34.26
Basidiomycota,Agaricomycetes,Limacella,34.26
Basidiomycota,Agaricomycetes,Longula,34.26
Basidiomycota,Agaricomycetes,Lopharia,34.26
Basidiomycota,Agaricomycetes,Loreleia,34.26
Basidiomycota,Agaricomycetes,Lycogalopsis,34.26
Basidiomycota,Agaricomycetes,Lycoperdon,34.26
Basidiomycota,Agaricomycetes,Lyophyllum,34.26
Basidiomycota,Agaricomycetes,Lysurus,34.26
Basidiomycota,Agaricomycetes,Macowanites,34.26
Basidiomycota,Agaricomycetes,Macrocystidia,34.26
Basidiomycota,Agaricomycetes,Macrolepiota,34.26
Basidiomycota,Agaricomycetes,Macrotyphula,34.26
Basidiomycota,Agaricomycetes,Marasmiellus,34.26
Basidiomycota,Agaricomycetes,Marasmius,34.26
Basidiomycota,Agaricomycetes,Martellia,34.26
Basidiomycota,Agaricomycetes,Megacollybia,34.26
Basidiomycota,Agaricomycetes,Megasporoporia,34.26
Basidiomycota,Agaricomycetes,Melanogaster,34.26
Basidiomycota,Agaricomycetes,Melanoleuca,34.26
Basidiomycota,Agaricomycetes,Melanophyllum,34.26
Basidiomycota,Agaricomycetes,Melanopus,34.26
Basidiomycota,Agaricomycetes,Melanotus,34.26
Basidiomycota,Agaricomycetes,Melzericium,34.26
Basidiomycota,Agaricomycetes,Merismodes,34.26
Basidiomycota,Agaricomycetes,Meruliopsis,34.26
Basidiomycota,Agaricomycetes,Merulius,34.26
Basidiomycota,Agaricomycetes,Micromphale,34.26
Basidiomycota,Agaricomycetes,Microporus,34.26
Basidiomycota,Agaricomycetes,Montagnea,34.26
Basidiomycota,Agaricomycetes,Mucronella,34.26
Basidiomycota,Agaricomycetes,Multiclavula,34.26
Basidiomycota,Agaricomycetes,Mutinus,34.26
Basidiomycota,Agaricomycetes,Mycena,"34.26, 34.27"
Basidiomycota,Agaricomycetes,Mycenastrum,34.27
Basidiomycota,Agaricomycetes,Mycenella,34.27
Basidiomycota,Agaricomycetes,Mycetinis,34.27
Basidiomycota,Agaricomycetes,Mycoacia,34.27
Basidiomycota,Agaricomycetes,Mycocalia,34.27
Basidiomycota,Agaricomycetes,Mycoleptodon,34.27
Basidiomycota,Agaricomycetes,Mycopan,34.27
Basidiomycota,Agaricomycetes,Myriostoma,34.27
Basidiomycota,Agaricomycetes,Mythicomyces,34.27
Basidiomycota,Agaricomycetes,Myxomphalia,34.27
Basidiomycota,Agaricomycetes,Naematoloma,34.27
Basidiomycota,Agaricomycetes,Naucoria,34.27
Basidiomycota,Agaricomycetes,Neolentinus,34.27
Basidiomycota,Agaricomycetes,Nidula,34.27
Basidiomycota,Agaricomycetes,Nidularia,34.27
Basidiomycota,Agaricomycetes,Nigroporus,34.27
Basidiomycota,Agaricomycetes,Nolanea,34.27
Basidiomycota,Agaricomycetes,Nolanea [Was Mycena],34.27
Basidiomycota,Agaricomycetes,Nyctalis,34.27
Basidiomycota,Agaricomycetes,Odontia,34.27
Basidiomycota,Agaricomycetes,Oligoporus,34.27
Basidiomycota,Agaricomycetes,Omphalia,34.27
Basidiomycota,Agaricomycetes,Omphalina,34.27
Basidiomycota,Agaricomycetes,Omphalotus,34.27
Basidiomycota,Agaricomycetes,Onnia,34.27
Basidiomycota,Agaricomycetes,Ossicaulis,34.27
Basidiomycota,Agaricomycetes,Osteina,34.27
Basidiomycota,Agaricomycetes,Osteina,34.27
Basidiomycota,Agaricomycetes,Oudemansiella,34.27
Basidiomycota,Agaricomycetes,Oxydontia,34.27
Basidiomycota,Agaricomycetes,Oxyporus,34.27
Basidiomycota,Agaricomycetes,Ozonium,36.14
Basidiomycota,Agaricomycetes,Pachylepyrium,34.27
Basidiomycota,Agaricomycetes,Panaeolina,34.27
Basidiomycota,Agaricomycetes,Panaeolus,34.27
Basidiomycota,Agaricomycetes,Panellus,34.27
Basidiomycota,Agaricomycetes,Panus,34.27
Basidiomycota,Agaricomycetes,Paraeccilia,34.27
Basidiomycota,Agaricomycetes,Parasola,34.27
Basidiomycota,Agaricomycetes,Patouillardina,34.27
Basidiomycota,Agaricomycetes,Patouillardinia,34.27
Basidiomycota,Agaricomycetes,Paullicorticium,34.27
Basidiomycota,Agaricomycetes,Paxillus,34.28
Basidiomycota,Agaricomycetes,Paxina,M
Basidiomycota,Agaricomycetes,Pellicularia,34.28
Basidiomycota,Agaricomycetes,Pellidiscus,34.28
Basidiomycota,Agaricomycetes,Peniophora,34.28
Basidiomycota,Agaricomycetes,Peniophorella,34.28
Basidiomycota,Agaricomycetes,Perenniporia,34.28
Basidiomycota,Agaricomycetes,Phaeoclavulina,34.28
Basidiomycota,Agaricomycetes,Phaeocollybia,34.28
Basidiomycota,Agaricomycetes,Phaeolepiota,34.28
Basidiomycota,Agaricomycetes,Phaeolus,34.28
Basidiomycota,Agaricomycetes,Phaeomarasmius,34.28
Basidiomycota,Agaricomycetes,Phaeophlebia,34.28
Basidiomycota,Agaricomycetes,Phaeosolenia,34.28
Basidiomycota,Agaricomycetes,Phallus,34.28
Basidiomycota,Agaricomycetes,Phanerochaete,34.28
Basidiomycota,Agaricomycetes,Phellinus,34.28
Basidiomycota,Agaricomycetes,Phellodon,34.28
Basidiomycota,Agaricomycetes,Phlebia,34.28
Basidiomycota,Agaricomycetes,Phlebiella,34.28
Basidiomycota,Agaricomycetes,Phlebopus,34.28
Basidiomycota,Agaricomycetes,Phlogiotis,34.28
Basidiomycota,Agaricomycetes,Pholiota,34.28
Basidiomycota,Agaricomycetes,Pholiota [Was Pachylepyrium],34.28
Basidiomycota,Agaricomycetes,Pholiotina,34.28
Basidiomycota,Agaricomycetes,Phylloporus,34.28
Basidiomycota,Agaricomycetes,Phyllotopsis,34.28
Basidiomycota,Agaricomycetes,Physalacria,34.28
Basidiomycota,Agaricomycetes,Physisporinus,34.28
Basidiomycota,Agaricomycetes,Phytoconis,34.28
Basidiomycota,Agaricomycetes,Piptoporus,34.28
Basidiomycota,Agaricomycetes,Pirex,34.28
Basidiomycota,Agaricomycetes,Pisolithus,34.28
Basidiomycota,Agaricomycetes,Pistillaria,34.28
Basidiomycota,Agaricomycetes,Pleurocybella,34.28
Basidiomycota,Agaricomycetes,Pleurotopsis,34.28
Basidiomycota,Agaricomycetes,Pleurotus,34.28
Basidiomycota,Agaricomycetes,Plicatura,34.28
Basidiomycota,Agaricomycetes,Plicaturopsis,34.28
Basidiomycota,Agaricomycetes,Pluteus,"34.28, 35.01"
Basidiomycota,Agaricomycetes,Podaxis,35.01
Basidiomycota,Agaricomycetes,Polyozellus,35.01
Basidiomycota,Agaricomycetes,Polyporoletus,35.01
Basidiomycota,Agaricomycetes,Polyporus,35.01
Basidiomycota,Agaricomycetes,Polyporus / Albatrellus,35.01
Basidiomycota,Agaricomycetes,Polystictus,35.01
Basidiomycota,Agaricomycetes,Poria,35.01
Basidiomycota,Agaricomycetes,Porodisculus,35.01
Basidiomycota,Agaricomycetes,Postia,35.01
Basidiomycota,Agaricomycetes,Pouzarella,35.01
Basidiomycota,Agaricomycetes,Protodaedalea,35.01
Basidiomycota,Agaricomycetes,Protodontia,35.01
Basidiomycota,Agaricomycetes,Protohydnum,35.02
Basidiomycota,Agaricomycetes,Protomerulius,35.02
Basidiomycota,Agaricomycetes,Protostropharia,35.01
Basidiomycota,Agaricomycetes,Psalliota,35.02
Basidiomycota,Agaricomycetes,Psathrella,35.02
Basidiomycota,Agaricomycetes,Psathyrella,35.02
Basidiomycota,Agaricomycetes,Psathyrella [Was Inocybe],35.02
Basidiomycota,Agaricomycetes,Pseudoarmillariella,35.02
Basidiomycota,Agaricomycetes,Pseudoarmilleriella,35.02
Basidiomycota,Agaricomycetes,Pseudobaeospora,35.02
Basidiomycota,Agaricomycetes,Pseudoclitocybe,"34.15, 35.02"
Basidiomycota,Agaricomycetes,Pseudoclytocybe,35.02
Basidiomycota,Agaricomycetes,Pseudohydnum,35.02
Basidiomycota,Agaricomycetes,Pseudolaccaria,35.02
Basidiomycota,Agaricomycetes,Pseudomerulius,35.02
Basidiomycota,Agaricomycetes,Psilocybe,35.02
Basidiomycota,Agaricomycetes,Psilopezia,M
Basidiomycota,Agaricomycetes,Psyathyrella,35.02
Basidiomycota,Agaricomycetes,Pterula,35.02
Basidiomycota,Agaricomycetes,Ptychogaster,35.02
Basidiomycota,Agaricomycetes,Pulverobotetus,35.02
Basidiomycota,Agaricomycetes,Pycnoporellus,35.02
Basidiomycota,Agaricomycetes,Pycnoporus,35.02
Basidiomycota,Agaricomycetes,Radiigera,"36.14, 35.02"
Basidiomycota,Agaricomycetes,Radulomyces,35.02
Basidiomycota,Agaricomycetes,Radulum,35.02
Basidiomycota,Agaricomycetes,Ramaria,35.02
Basidiomycota,Agaricomycetes,Ramaricium,35.02
Basidiomycota,Agaricomycetes,Ramariopsis,35.02
Basidiomycota,Agaricomycetes,Resinicium,35.02
Basidiomycota,Agaricomycetes,Resinomycena,35.02
Basidiomycota,Agaricomycetes,Resupinatus,35.02
Basidiomycota,Agaricomycetes,Rhizopogon,35.02
Basidiomycota,Agaricomycetes,Rhodocollybia,35.02
Basidiomycota,Agaricomycetes,Rhodocybe,35.02
Basidiomycota,Agaricomycetes,Rhodofomes,35.02
Basidiomycota,Agaricomycetes,Rickenella,35.02
Basidiomycota,Agaricomycetes,Riessia,35.02
Basidiomycota,Agaricomycetes,Rigidoporus,35.02
Basidiomycota,Agaricomycetes,Rimbachia,35.02
Basidiomycota,Agaricomycetes,Ripartites,35.02
Basidiomycota,Agaricomycetes,Rozites,35.02
Basidiomycota,Agaricomycetes,Russula,"35.02, 35.03, 35.04, M"
Basidiomycota,Agaricomycetes,Sarcodon,35.04
Basidiomycota,Agaricomycetes,Sarcodon/Hydnellum,35.04
Basidiomycota,Agaricomycetes,Schizophyllum,35.04
Basidiomycota,Agaricomycetes,Schizopora,35.04
Basidiomycota,Agaricomycetes,Schizostoma,35.04
Basidiomycota,Agaricomycetes,Scleroderma,35.04
Basidiomycota,Agaricomycetes,Scopuloides,35.04
Basidiomycota,Agaricomycetes,Scytinostroma,35.04
Basidiomycota,Agaricomycetes,Sebacina,35.04
Basidiomycota,Agaricomycetes,Secotium,35.04
Basidiomycota,Agaricomycetes,Serpula,35.04
Basidiomycota,Agaricomycetes,Simocybe,35.04
Basidiomycota,Agaricomycetes,Sistotrema,35.04
Basidiomycota,Agaricomycetes,Sistotremastrum,35.04
Basidiomycota,Agaricomycetes,Skeletocutis,35.04
Basidiomycota,Agaricomycetes,Sparassis,35.04
Basidiomycota,Agaricomycetes,Sphaerobolus,35.04
Basidiomycota,Agaricomycetes,Sporotrichum,35.04
Basidiomycota,Agaricomycetes,Squamanita,35.04
Basidiomycota,Agaricomycetes,Stagnicola,35.04
Basidiomycota,Agaricomycetes,Steccherinum,35.04
Basidiomycota,Agaricomycetes,Stereopsis,35.04
Basidiomycota,Agaricomycetes,Stereum,35.04
Basidiomycota,Agaricomycetes,Stigmatolemma,35.04
Basidiomycota,Agaricomycetes,Stilbotulasnella,35.04
Basidiomycota,Agaricomycetes,Strobilomyces,35.04
Basidiomycota,Agaricomycetes,Strobilurus,35.04
Basidiomycota,Agaricomycetes,Stropharia,35.04
Basidiomycota,Agaricomycetes,Stypella,"35.04, 35.08"
Basidiomycota,Agaricomycetes,Subulicystidium,35.04
Basidiomycota,Agaricomycetes,Suillus,"35.05, 35.04"
Basidiomycota,Agaricomycetes,Tapinella,35.05
Basidiomycota,Agaricomycetes,Tectella,35.05
Basidiomycota,Agaricomycetes,Telamonia,35.05
Basidiomycota,Agaricomycetes,Tephrocybe,35.05
Basidiomycota,Agaricomycetes,Termitomyces,35.05
Basidiomycota,Agaricomycetes,Tetrapyrgos,35.05
Basidiomycota,Agaricomycetes,Thaxterogaster,35.05
Basidiomycota,Agaricomycetes,Thelephora,35.05
Basidiomycota,Agaricomycetes,Tomentella,35.05
Basidiomycota,Agaricomycetes,Tomentellastrum,35.05
Basidiomycota,Agaricomycetes,Tomentellopsis,35.05
Basidiomycota,Agaricomycetes,Trametes,35.05
Basidiomycota,Agaricomycetes,Trechispora,35.05
Basidiomycota,Agaricomycetes,Tremellochaete,35.05
Basidiomycota,Agaricomycetes,Tremellodendron,35.05
Basidiomycota,Agaricomycetes,Tremellodendropsis,35.05
Basidiomycota,Agaricomycetes,Tremelodendropsis,35.05
Basidiomycota,Agaricomycetes,Tremiscus,35.05
Basidiomycota,Agaricomycetes,Trichaptum,35.05
Basidiomycota,Agaricomycetes,Tricholoma,35.05
Basidiomycota,Agaricomycetes,Tricholomopsis,35.05
Basidiomycota,Agaricomycetes,Trichopilus,35.05
Basidiomycota,Agaricomycetes,Trogia,35.05
Basidiomycota,Agaricomycetes,Truncocolumella,35.05
Basidiomycota,Agaricomycetes,Tubaria,35.05
Basidiomycota,Agaricomycetes,Tubulicrinis,35.06
Basidiomycota,Agaricomycetes,Tulasnella,35.06
Basidiomycota,Agaricomycetes,Tulostoma,35.06
Basidiomycota,Agaricomycetes,Turbinellus,35.06
Basidiomycota,Agaricomycetes,Tylopilus,35.06
Basidiomycota,Agaricomycetes,Typhula,35.06
Basidiomycota,Agaricomycetes,Tyromyces,35.06
Basidiomycota,Agaricomycetes,Uncultured Mycena Clone,M
Basidiomycota,Agaricomycetes,Uthatobasidium,35.06
Basidiomycota,Agaricomycetes,Vararia,35.06
Basidiomycota,Agaricomycetes,Vascellum,35.06
Basidiomycota,Agaricomycetes,Veluticeps,35.06
Basidiomycota,Agaricomycetes,Volvariella,35.06
Basidiomycota,Agaricomycetes,Volvopluteus,35.06
Basidiomycota,Agaricomycetes,Xenasma,35.06
Basidiomycota,Agaricomycetes,Xerocomellus,35.06
Basidiomycota,Agaricomycetes,Xerocomus,35.06
Basidiomycota,Agaricomycetes,Xeromphalina,35.06
Basidiomycota,Agaricostilbomycetes,Agaricostilbum,35.06
Basidiomycota,Agaricostilbomycetes,Chionosphaera,35.06
Basidiomycota,Agaricostilbomycetes,Fibulostilbum,35.06
Basidiomycota,Agaricostilbomycetes,Mycogloea,35.06
Basidiomycota,Agaricostilbomycetes,Stilbum,35.06
Basidiomycota,Atractiellomycetes,Atractiella,35.06
Basidiomycota,Atractiellomycetes,Ecchyna,35.06
Basidiomycota,Atractiellomycetes,Helicogloea,35.07
Basidiomycota,Atractiellomycetes,Hobsonia,35.06
Basidiomycota,Atractiellomycetes,Phleogena,35.06
Basidiomycota,Cystobasidiomycetes,Naohidea,35.07
Basidiomycota,Dacrymycetes,Arrhytidia,35.06
Basidiomycota,Dacrymycetes,Calocera,35.06
Basidiomycota,Dacrymycetes,Cerinomyces,"35.08, TYPE?"
Basidiomycota,Dacrymycetes,Dacrymyces,35.06
Basidiomycota,Dacrymycetes,Dacryomitra,35.06
Basidiomycota,Dacrymycetes,Dacryonaema,35.06
Basidiomycota,Dacrymycetes,Dacryopinax,35.06
Basidiomycota,Dacrymycetes,Ditiola,35.06
Basidiomycota,Dacrymycetes,Femsjonia,35.06
Basidiomycota,Dacrymycetes,Guepiniopsis,35.06
Basidiomycota,Dacrymycetes,Guepiniposis,35.06
Basidiomycota,Dacrymycetes,Heterotextus,35.06
Basidiomycota,Exobasidiomycetes,Entyloma,35.06
Basidiomycota,Exobasidiomycetes,Exobasidium,35.06
Basidiomycota,Exobasidiomycetes,Graphiola,35.06
Basidiomycota,Exobasidiomycetes,Microstroma,35.06
Basidiomycota,Exobasidiomycetes,Neovossia,35.06
Basidiomycota,Exobasidiomycetes,Tilletia,35.06
Basidiomycota,Microbotryomycetes,Colacogloea,"35.07, 35.06"
Basidiomycota,Microbotryomycetes,Hyalopycnis,35.06
Basidiomycota,Microbotryomycetes,Krieglsteinera,35.06
Basidiomycota,Microbotryomycetes,Sphacelotheca,35.06
Basidiomycota,Microbotryomycetes,Xenogloea,35.06
Basidiomycota,Pucciniomycetes,Achroomyces,35.06
Basidiomycota,Pucciniomycetes,Aecidium,35.06
Basidiomycota,Pucciniomycetes,Angiospora,35.06
Basidiomycota,Pucciniomycetes,Caeoma,35.06
Basidiomycota,Pucciniomycetes,Chrysomyxa,35.06
Basidiomycota,Pucciniomycetes,Coleosporium,35.06
Basidiomycota,Pucciniomycetes,Cronartium,35.07
Basidiomycota,Pucciniomycetes,Cumminsiella,35.07
Basidiomycota,Pucciniomycetes,Dasturella,35.07
Basidiomycota,Pucciniomycetes,Endocronartium,35.07
Basidiomycota,Pucciniomycetes,Endophyllum,35.07
Basidiomycota,Pucciniomycetes,Eocronartium,35.07
Basidiomycota,Pucciniomycetes,Frommea,35.07
Basidiomycota,Pucciniomycetes,Gymnoconia,35.07
Basidiomycota,Pucciniomycetes,Gymnosporangium,35.07
Basidiomycota,Pucciniomycetes,Gymnosporangiusm,35.07
Basidiomycota,Pucciniomycetes,Helicobasidium,35.07
Basidiomycota,Pucciniomycetes,Hemileia,35.07
Basidiomycota,Pucciniomycetes,Herpobasidium,35.07
Basidiomycota,Pucciniomycetes,Hyalopsora,35.07
Basidiomycota,Pucciniomycetes,Jola,35.07
Basidiomycota,Pucciniomycetes,Kuehneola,35.07
Basidiomycota,Pucciniomycetes,Kunkelia,35.07
Basidiomycota,Pucciniomycetes,Melampsora,35.07
Basidiomycota,Pucciniomycetes,Melampsorella,35.07
Basidiomycota,Pucciniomycetes,Melampsoridium,35.07
Basidiomycota,Pucciniomycetes,Melampsoropsis,35.07
Basidiomycota,Pucciniomycetes,Milesia,35.07
Basidiomycota,Pucciniomycetes,Nyssopsora,35.07
Basidiomycota,Pucciniomycetes,Ochropsora,35.07
Basidiomycota,Pucciniomycetes,Peridermium,35.07
Basidiomycota,Pucciniomycetes,Phragmidium,35.07
Basidiomycota,Pucciniomycetes,Pileolaria,35.07
Basidiomycota,Pucciniomycetes,Platygloea,35.07
Basidiomycota,Pucciniomycetes,Prospodium,35.07
Basidiomycota,Pucciniomycetes,Puccinia,35.07
Basidiomycota,Pucciniomycetes,Pucciniastrum,35.08
Basidiomycota,Pucciniomycetes,Ravenelia,35.08
Basidiomycota,Pucciniomycetes,Roestelia,35.08
Basidiomycota,Pucciniomycetes,Septobasidium,35.08
Basidiomycota,Pucciniomycetes,Sphaerophragmium,35.08
Basidiomycota,Pucciniomycetes,Trachyspora,35.08
Basidiomycota,Pucciniomycetes,Tranzschelia,35.08
Basidiomycota,Pucciniomycetes,Triphragmium,35.08
Basidiomycota,Pucciniomycetes,Tuberculina,35.08
Basidiomycota,Pucciniomycetes,Uraecium,35.08
Basidiomycota,Pucciniomycetes,Uredinopsis,35.08
Basidiomycota,Pucciniomycetes,Uredo,35.08
Basidiomycota,Pucciniomycetes,Uromyces,35.08
Basidiomycota,Pucciniomycetes,Uropyxis,35.08
Basidiomycota,Pucciniomycetes,Xenostele,35.08
Basidiomycota,Tremellomycetes,Carcinomyces,35.08
Basidiomycota,Tremellomycetes,Christiansenia,35.06
Basidiomycota,Tremellomycetes,Fibulobasidium,"35.08, TYPE?"
Basidiomycota,Tremellomycetes,Filobasidiella,35.08
Basidiomycota,Tremellomycetes,Holtermannia,35.08
Basidiomycota,Tremellomycetes,Itersonilia,35.08
Basidiomycota,Tremellomycetes,Myxarium,35.08
Basidiomycota,Tremellomycetes,Naematelia,"TYPE?, 35.08"
Basidiomycota,Tremellomycetes,Sirobasidium,35.08
Basidiomycota,Tremellomycetes,Sirotrema,"TYPE?, 35.08"
Basidiomycota,Tremellomycetes,Syzygospora,35.07
Basidiomycota,Tremellomycetes,Tremella,35.08
Basidiomycota,Tremellomycetes,Tremellina,35.08
Basidiomycota,Tremellomycetes,Trimorphomyces,35.08
Basidiomycota,Tremellomycetes,Xenolachne,35.08
Basidiomycota,Ustilaginomycetes,Anthracoidea,36.10
Basidiomycota,Ustilaginomycetes,Cintractia,36.10
Basidiomycota,Ustilaginomycetes,Farysia,36.10
Basidiomycota,Ustilaginomycetes,Melanotaenium,36.10
Basidiomycota,Ustilaginomycetes,Mycosyrinx,36.10
Basidiomycota,Ustilaginomycetes,Pseudozyma,36.10
Basidiomycota,Ustilaginomycetes,Schizonella,36.10
Basidiomycota,Ustilaginomycetes,Sorosporium,36.10
Basidiomycota,Ustilaginomycetes,Thecaphora,36.10
Basidiomycota,Ustilaginomycetes,Tuburcinia,36.10
Basidiomycota,Ustilaginomycetes,Urocystis,36.10
Basidiomycota,Ustilaginomycetes,Ustilago,36.10
Basidiomycota,Ustilaginomycetes,Ustilago?,36.10
Chytridiomycota,Chytridiomycetes,Olpidium,34.11
Mucoromycota,Incertae sedis,Endogone,34.11
Mucoromycota,Mucoromycetes,Absidia,34.11
Mucoromycota,Mucoromycetes,Cunninghamella,34.11
Mucoromycota,Mucoromycetes,Phycomyces,34.11
Mucoromycota,Mucoromycetes,Spinellus,34.11
Mycetozoa,Myxomycetes,Amaurochaete,34.10
Mycetozoa,Myxomycetes,Arcyria,34.10
Mycetozoa,Myxomycetes,Badhamia,34.10
Mycetozoa,Myxomycetes,Cienkowskia,34.10
Mycetozoa,Myxomycetes,Comatricha,34.10
Mycetozoa,Myxomycetes,Craterium,34.10
Mycetozoa,Myxomycetes,Cribraria,34.10
Mycetozoa,Myxomycetes,Diachea,34.10
Mycetozoa,Myxomycetes,Dianema,34.10
Mycetozoa,Myxomycetes,Dictydium,34.10
Mycetozoa,Myxomycetes,Diderma,34.10
Mycetozoa,Myxomycetes,Didymium,34.10
Mycetozoa,Myxomycetes,Enerthenema,34.10
Mycetozoa,Myxomycetes,Fuligo,34.10
Mycetozoa,Myxomycetes,Hemitrichia,34.10
Mycetozoa,Myxomycetes,Lamproderma,34.10
Mycetozoa,Myxomycetes,Leocarpus,34.10
Mycetozoa,Myxomycetes,Lepidoderma,34.10
Mycetozoa,Myxomycetes,Licea,34.10
Mycetozoa,Myxomycetes,Listerella,34.10
Mycetozoa,Myxomycetes,Lycogala,34.10
Mycetozoa,Myxomycetes,Mucilago,34.10
Mycetozoa,Myxomycetes,Oligonema,34.10
Mycetozoa,Myxomycetes,Perichaena,34.10
Mycetozoa,Myxomycetes,Physarella,34.10
Mycetozoa,Myxomycetes,Physarum,34.10
Mycetozoa,Myxomycetes,Prototrichia,34.10
Mycetozoa,Myxomycetes,Stemonitis,34.10
Mycetozoa,Myxomycetes,Trichia,34.10
Mycetozoa,Myxomycetes,Tubifera,34.10
Mycetozoa,Protosteliomycetes,Ceratiomyxa,34.10
Mycetozoa,Protosteliomycetes,Ceratium,34.10
